{
    "kruskal_wallis_results": {
        "centroid_mean": {
            "H_stat": 375.1054223512234,
            "p_val": 3.522836362356231e-82
        },
        "centroid_std": {
            "H_stat": 183.3816473304552,
            "p_val": 1.5107104766905022e-40
        },
        "centroid_skewness": {
            "H_stat": 364.56789316103897,
            "p_val": 6.840500209498194e-80
        },
        "flatness_mean": {
            "H_stat": 309.366413721046,
            "p_val": 6.636465138477329e-68
        },
        "flatness_std": {
            "H_stat": 204.82571761966318,
            "p_val": 3.331658989236855e-45
        },
        "flatness_skewness": {
            "H_stat": 363.14366094469284,
            "p_val": 1.3942991313016728e-79
        },
        "flux_mean": {
            "H_stat": 145.13327984956337,
            "p_val": 3.0528728063503214e-32
        },
        "flux_std": {
            "H_stat": 185.1760237748366,
            "p_val": 6.159384941107603e-41
        },
        "flux_skewness": {
            "H_stat": 495.7960193573536,
            "p_val": 2.184048718589057e-108
        }
    },
    "posthoc_dunns": {
        "centroid_mean": {
            "markov_state": 6.6864813183051675e-81,
            "markov_gs": 1.851123443229432e-34,
            "state_gs": 9.878666687546654e-12
        },
        "centroid_std": {
            "markov_state": 0.09579819283184048,
            "markov_gs": 3.210819319233973e-35,
            "state_gs": 6.46583181563298e-27
        },
        "centroid_skewness": {
            "markov_state": 4.080732818211492e-68,
            "markov_gs": 6.155194489884735e-53,
            "state_gs": 0.032045465417070235
        },
        "flatness_mean": {
            "markov_state": 8.848536844151776e-64,
            "markov_gs": 3.812622438128844e-36,
            "state_gs": 1.5829266921069483e-05
        },
        "flatness_std": {
            "markov_state": 0.13368970487681378,
            "markov_gs": 1.3557816524694051e-38,
            "state_gs": 1.0876715935332068e-30
        },
        "flatness_skewness": {
            "markov_state": 5.0153041207803646e-71,
            "markov_gs": 2.7961618765371216e-48,
            "state_gs": 0.0012246659529370138
        },
        "flux_mean": {
            "markov_state": 7.936098575599728e-10,
            "markov_gs": 6.248836799644979e-33,
            "state_gs": 7.08751186460811e-09
        },
        "flux_std": {
            "markov_state": 1.1222085332631376e-41,
            "markov_gs": 5.5003691080296195e-11,
            "state_gs": 3.6234040253460826e-12
        },
        "flux_skewness": {
            "markov_state": 2.3538335464049928e-32,
            "markov_gs": 4.274719018604239e-25,
            "state_gs": 3.504378067481115e-109
        }
    }
}