{
    "trial_id": "config_240_rep_0",
    "synthesis_params": {
        "densities": [
            1,
            3,
            9
        ],
        "grain_size": 4800,
        "grain_sizes": [
            1920,
            1920,
            1920
        ],
        "config_seed": 78605,
        "seed_grain_sampling": 77394,
        "seed_state_sampling": 8925,
        "seed_grain_pos_sampling": 65456,
        "n_streams": 1,
        "window": "rexpodec",
        "n_clusters": 8,
        "n_iterations": 20,
        "delta_t_samples": 48000,
        "init_states": [
            45
        ],
        "n_states": 72
    },
    "metrics": {
        "centroid_mean": 686.548583984375,
        "centroid_std": 1146.2923583984375,
        "centroid_skewness": 1.6446337699890137,
        "flatness_mean": 0.054003193974494934,
        "flatness_std": 0.1051032543182373,
        "flatness_skewness": 2.523789644241333,
        "flux_mean": 431.6778564453125,
        "flux_std": 2547.379150390625,
        "flux_skewness": 8.862200736999512
    },
    "markov_chains": [
        [
            45,
            67,
            49,
            45,
            10,
            14,
            49,
            62,
            6,
            38,
            15,
            41,
            57,
            33,
            7,
            19,
            24,
            21,
            33,
            34,
            8
        ]
    ]
}