{
    "trial_id": "config_100_rep_0",
    "synthesis_params": {
        "densities": [
            100,
            300,
            900
        ],
        "grain_size": 4800,
        "grain_sizes": [
            48,
            48,
            48
        ],
        "config_seed": 56873,
        "seed_grain_sampling": 77394,
        "seed_state_sampling": 8925,
        "seed_grain_pos_sampling": 65456,
        "n_streams": 1,
        "window": "rexpodec",
        "n_clusters": 8,
        "n_iterations": 20,
        "delta_t_samples": 48000,
        "init_states": [
            15
        ],
        "n_states": 72
    },
    "metrics": {
        "centroid_mean": 5227.2822265625,
        "centroid_std": 1221.607421875,
        "centroid_skewness": -1.6864874362945557,
        "flatness_mean": 0.4885586202144623,
        "flatness_std": 0.13095757365226746,
        "flatness_skewness": -1.5048866271972656,
        "flux_mean": 497.2632751464844,
        "flux_std": 1032.01416015625,
        "flux_skewness": 3.412402629852295
    },
    "markov_chains": [
        [
            15,
            64,
            53,
            52,
            8,
            16,
            51,
            65,
            3,
            40,
            11,
            36,
            56,
            34,
            7,
            13,
            32,
            17,
            39,
            36,
            10
        ]
    ]
}