{
    "trial_id": "config_280_rep_0",
    "synthesis_params": {
        "densities": [
            10,
            10,
            10
        ],
        "grain_size": 4800,
        "grain_sizes": [
            1920,
            1920,
            1920
        ],
        "config_seed": 78605,
        "seed_grain_sampling": 77394,
        "seed_state_sampling": 8925,
        "seed_grain_pos_sampling": 65456,
        "n_streams": 1,
        "window": "rexpodec",
        "n_clusters": 2,
        "n_iterations": 20,
        "delta_t_samples": 48000,
        "init_states": [
            11
        ],
        "n_states": 18
    },
    "metrics": {
        "centroid_mean": 1112.0194091796875,
        "centroid_std": 1240.396728515625,
        "centroid_skewness": 1.4030065536499023,
        "flatness_mean": 0.09051862359046936,
        "flatness_std": 0.12401079386472702,
        "flatness_skewness": 2.04032039642334,
        "flux_mean": 798.2123413085938,
        "flux_std": 3279.12548828125,
        "flux_skewness": 7.61731481552124
    },
    "markov_chains": [
        [
            11,
            14,
            13,
            10,
            1,
            2,
            14,
            16,
            0,
            10,
            5,
            10,
            13,
            7,
            3,
            4,
            7,
            5,
            10,
            9,
            2
        ]
    ]
}