{
    "trial_id": "config_300_rep_0",
    "synthesis_params": {
        "densities": [
            1,
            3,
            9
        ],
        "grain_size": 4800,
        "grain_sizes": [
            1920,
            1920,
            1920
        ],
        "config_seed": 78605,
        "seed_grain_sampling": 77394,
        "seed_state_sampling": 8925,
        "seed_grain_pos_sampling": 65456,
        "n_streams": 1,
        "window": "rexpodec",
        "n_clusters": 2,
        "n_iterations": 20,
        "delta_t_samples": 48000,
        "init_states": [
            11
        ],
        "n_states": 18
    },
    "metrics": {
        "centroid_mean": 395.79248046875,
        "centroid_std": 896.39404296875,
        "centroid_skewness": 2.6494505405426025,
        "flatness_mean": 0.03223555535078049,
        "flatness_std": 0.08493905514478683,
        "flatness_skewness": 3.677035093307495,
        "flux_mean": 220.1510467529297,
        "flux_std": 1529.4359130859375,
        "flux_skewness": 14.477706909179688
    },
    "markov_chains": [
        [
            11,
            14,
            13,
            10,
            1,
            2,
            14,
            16,
            0,
            10,
            5,
            10,
            13,
            7,
            3,
            4,
            7,
            5,
            10,
            9,
            2
        ]
    ]
}