{
    "trial_id": "config_420_rep_0",
    "synthesis_params": {
        "densities": [
            100,
            300,
            900
        ],
        "grain_size": 4800,
        "grain_sizes": [
            48,
            48,
            48
        ],
        "config_seed": 78605,
        "seed_grain_sampling": 77394,
        "seed_state_sampling": 8925,
        "seed_grain_pos_sampling": 65456,
        "n_streams": 4,
        "window": "hanning",
        "n_clusters": 8,
        "n_iterations": 20,
        "delta_t_samples": 48000,
        "init_states": [
            45,
            8,
            67,
            37
        ],
        "n_states": 72
    },
    "metrics": {
        "centroid_mean": 1376.42431640625,
        "centroid_std": 474.4813232421875,
        "centroid_skewness": 1.0471456050872803,
        "flatness_mean": 0.060928989201784134,
        "flatness_std": 0.0387391522526741,
        "flatness_skewness": 0.743564248085022,
        "flux_mean": 392.47039794921875,
        "flux_std": 764.952392578125,
        "flux_skewness": 3.379425525665283
    },
    "markov_chains": [
        [
            45,
            67,
            49,
            45,
            10,
            14,
            49,
            62,
            6,
            38,
            15,
            41,
            57,
            33,
            7,
            19,
            24,
            21,
            33,
            34,
            8
        ],
        [
            8,
            21,
            27,
            46,
            34,
            51,
            10,
            70,
            53,
            23,
            5,
            28,
            37,
            45,
            12,
            54,
            14,
            7,
            54,
            14,
            16
        ],
        [
            67,
            47,
            60,
            70,
            24,
            17,
            43,
            65,
            13,
            17,
            3,
            42,
            50,
            6,
            8,
            30,
            55,
            65,
            0,
            2,
            47
        ],
        [
            37,
            29,
            51,
            22,
            10,
            8,
            6,
            52,
            61,
            35,
            10,
            3,
            44,
            13,
            8,
            19,
            71,
            5,
            39,
            35,
            19
        ]
    ]
}