{
    "trial_id": "config_390_rep_0",
    "synthesis_params": {
        "densities": [
            1,
            3,
            9
        ],
        "grain_size": 4800,
        "grain_sizes": [
            4800,
            48,
            4800
        ],
        "config_seed": 78605,
        "seed_grain_sampling": 77394,
        "seed_state_sampling": 8925,
        "seed_grain_pos_sampling": 65456,
        "n_streams": 1,
        "window": "rexpodec",
        "n_clusters": 5,
        "n_iterations": 20,
        "delta_t_samples": 48000,
        "init_states": [
            28
        ],
        "n_states": 45
    },
    "metrics": {
        "centroid_mean": 879.934814453125,
        "centroid_std": 1705.9605712890625,
        "centroid_skewness": 2.3014421463012695,
        "flatness_mean": 0.07773106545209885,
        "flatness_std": 0.17760324478149414,
        "flatness_skewness": 2.7225289344787598,
        "flux_mean": 395.5041198730469,
        "flux_std": 2581.168212890625,
        "flux_skewness": 10.482032775878906
    },
    "markov_chains": [
        [
            28,
            40,
            32,
            32,
            6,
            8,
            33,
            40,
            3,
            27,
            10,
            23,
            34,
            19,
            3,
            10,
            16,
            11,
            24,
            25,
            5
        ]
    ]
}