{
    "trial_id": "config_310_rep_0",
    "synthesis_params": {
        "densities": [
            10,
            10,
            10
        ],
        "grain_size": 4800,
        "grain_sizes": [
            48,
            1920,
            4800
        ],
        "config_seed": 78605,
        "seed_grain_sampling": 77394,
        "seed_state_sampling": 8925,
        "seed_grain_pos_sampling": 65456,
        "n_streams": 1,
        "window": "rexpodec",
        "n_clusters": 3,
        "n_iterations": 20,
        "delta_t_samples": 48000,
        "init_states": [
            17
        ],
        "n_states": 27
    },
    "metrics": {
        "centroid_mean": 1292.8961181640625,
        "centroid_std": 1479.469970703125,
        "centroid_skewness": 1.4238123893737793,
        "flatness_mean": 0.10976660251617432,
        "flatness_std": 0.15267395973205566,
        "flatness_skewness": 1.8481791019439697,
        "flux_mean": 208.70626831054688,
        "flux_std": 1575.4368896484375,
        "flux_skewness": 15.584667205810547
    },
    "markov_chains": [
        [
            17,
            24,
            19,
            19,
            3,
            6,
            16,
            23,
            1,
            16,
            4,
            13,
            20,
            12,
            2,
            5,
            11,
            8,
            13,
            12,
            3
        ]
    ]
}