{
    "trial_id": "config_400_rep_0",
    "synthesis_params": {
        "densities": [
            100,
            300,
            900
        ],
        "grain_size": 4800,
        "grain_sizes": [
            48,
            48,
            48
        ],
        "config_seed": 78605,
        "seed_grain_sampling": 77394,
        "seed_state_sampling": 8925,
        "seed_grain_pos_sampling": 65456,
        "n_streams": 1,
        "window": "expodec",
        "n_clusters": 8,
        "n_iterations": 20,
        "delta_t_samples": 48000,
        "init_states": [
            45
        ],
        "n_states": 72
    },
    "metrics": {
        "centroid_mean": 4726.546875,
        "centroid_std": 1058.47314453125,
        "centroid_skewness": -0.4542701542377472,
        "flatness_mean": 0.44595572352409363,
        "flatness_std": 0.10929211974143982,
        "flatness_skewness": -0.40949520468711853,
        "flux_mean": 447.5540771484375,
        "flux_std": 1366.621826171875,
        "flux_skewness": 4.444550037384033
    },
    "markov_chains": [
        [
            45,
            67,
            49,
            45,
            10,
            14,
            49,
            62,
            6,
            38,
            15,
            41,
            57,
            33,
            7,
            19,
            24,
            21,
            33,
            34,
            8
        ]
    ]
}