{
    "trial_id": "config_210_rep_0",
    "synthesis_params": {
        "densities": [
            1,
            1,
            1
        ],
        "grain_size": 4800,
        "grain_sizes": [
            4800,
            4800,
            4800
        ],
        "config_seed": 78605,
        "seed_grain_sampling": 77394,
        "seed_state_sampling": 8925,
        "seed_grain_pos_sampling": 65456,
        "n_streams": 1,
        "window": "rexpodec",
        "n_clusters": 2,
        "n_iterations": 20,
        "delta_t_samples": 48000,
        "init_states": [
            11
        ],
        "n_states": 18
    },
    "metrics": {
        "centroid_mean": 247.25341796875,
        "centroid_std": 695.593505859375,
        "centroid_skewness": 3.4860668182373047,
        "flatness_mean": 0.01769324205815792,
        "flatness_std": 0.06124769151210785,
        "flatness_skewness": 5.557950973510742,
        "flux_mean": 120.32974243164062,
        "flux_std": 1281.60498046875,
        "flux_skewness": 19.44365692138672
    },
    "markov_chains": [
        [
            11,
            14,
            13,
            10,
            1,
            2,
            14,
            16,
            0,
            10,
            5,
            10,
            13,
            7,
            3,
            4,
            7,
            5,
            10,
            9,
            2
        ]
    ]
}