{
    "trial_id": "config_130_rep_0",
    "synthesis_params": {
        "densities": [
            100,
            300,
            900
        ],
        "grain_size": 4800,
        "grain_sizes": [
            48,
            48,
            48
        ],
        "config_seed": 85339,
        "seed_grain_sampling": 77394,
        "seed_state_sampling": 8925,
        "seed_grain_pos_sampling": 65456,
        "n_streams": 1,
        "window": "rexpodec",
        "n_clusters": 8,
        "n_iterations": 20,
        "delta_t_samples": 48000,
        "init_states": [
            10
        ],
        "n_states": 72
    },
    "metrics": {
        "centroid_mean": 5140.99365234375,
        "centroid_std": 1261.304931640625,
        "centroid_skewness": -1.334526777267456,
        "flatness_mean": 0.4785202443599701,
        "flatness_std": 0.1325688511133194,
        "flatness_skewness": -1.2456563711166382,
        "flux_mean": 308.525146484375,
        "flux_std": 861.184814453125,
        "flux_skewness": 4.526217937469482
    },
    "markov_chains": [
        [
            10,
            64,
            44,
            47,
            5,
            14,
            53,
            63,
            3,
            43,
            16,
            40,
            56,
            32,
            7,
            17,
            27,
            17,
            32,
            40,
            14
        ]
    ]
}