{
    "trial_id": "config_140_rep_0",
    "synthesis_params": {
        "densities": [
            100,
            300,
            900
        ],
        "grain_size": 4800,
        "grain_sizes": [
            48,
            48,
            48
        ],
        "config_seed": 66190,
        "seed_grain_sampling": 77394,
        "seed_state_sampling": 8925,
        "seed_grain_pos_sampling": 65456,
        "n_streams": 1,
        "window": "rexpodec",
        "n_clusters": 8,
        "n_iterations": 20,
        "delta_t_samples": 48000,
        "init_states": [
            61
        ],
        "n_states": 72
    },
    "metrics": {
        "centroid_mean": 5316.27978515625,
        "centroid_std": 1242.6549072265625,
        "centroid_skewness": -1.9362510442733765,
        "flatness_mean": 0.5009421706199646,
        "flatness_std": 0.12524358928203583,
        "flatness_skewness": -1.905655860900879,
        "flux_mean": 239.50210571289062,
        "flux_std": 556.0342407226562,
        "flux_skewness": 4.627247333526611
    },
    "markov_chains": [
        [
            61,
            66,
            47,
            49,
            7,
            17,
            51,
            63,
            2,
            42,
            13,
            38,
            56,
            32,
            7,
            19,
            28,
            18,
            43,
            35,
            10
        ]
    ]
}