{
    "trial_id": "config_350_rep_0",
    "synthesis_params": {
        "densities": [
            10,
            30,
            90
        ],
        "grain_size": 4800,
        "grain_sizes": [
            48,
            1920,
            4800
        ],
        "config_seed": 78605,
        "seed_grain_sampling": 77394,
        "seed_state_sampling": 8925,
        "seed_grain_pos_sampling": 65456,
        "n_streams": 1,
        "window": "rexpodec",
        "n_clusters": 3,
        "n_iterations": 20,
        "delta_t_samples": 48000,
        "init_states": [
            17
        ],
        "n_states": 27
    },
    "metrics": {
        "centroid_mean": 2086.0791015625,
        "centroid_std": 1475.2313232421875,
        "centroid_skewness": 0.8231411576271057,
        "flatness_mean": 0.1830931454896927,
        "flatness_std": 0.16497497260570526,
        "flatness_skewness": 1.1487361192703247,
        "flux_mean": 237.149169921875,
        "flux_std": 1180.24560546875,
        "flux_skewness": 15.080809593200684
    },
    "markov_chains": [
        [
            17,
            24,
            19,
            19,
            3,
            6,
            16,
            23,
            1,
            16,
            4,
            13,
            20,
            12,
            2,
            5,
            11,
            8,
            13,
            12,
            3
        ]
    ]
}