{
    "trial_id": "config_180_rep_0",
    "metrics": {
        "centroid_mean": 1395.056396484375,
        "centroid_std": 308.5863952636719,
        "centroid_skewness": 0.9557477235794067,
        "flatness_mean": 0.067470021545887,
        "flatness_std": 0.02082853950560093,
        "flatness_skewness": 0.6161109209060669,
        "flux_mean": 2151.2109375,
        "flux_std": 3647.010986328125,
        "flux_skewness": 6.208428382873535
    },
    "markov_chains": [
        [
            2,
            67,
            48,
            48,
            8,
            14,
            50,
            63,
            3,
            42,
            13,
            43,
            56,
            34,
            8,
            15,
            27,
            17,
            38,
            37,
            9
        ],
        [
            44,
            21,
            28,
            49,
            30,
            54,
            8,
            71,
            56,
            21,
            4,
            26,
            32,
            45,
            9,
            54,
            13,
            6,
            54,
            12,
            17
        ],
        [
            62,
            45,
            61,
            71,
            26,
            12,
            44,
            66,
            13,
            18,
            3,
            42,
            49,
            2,
            8,
            32,
            54,
            66,
            2,
            4,
            48
        ],
        [
            34,
            31,
            53,
            20,
            11,
            9,
            5,
            51,
            61,
            32,
            8,
            6,
            46,
            12,
            7,
            18,
            71,
            8,
            35,
            37,
            17
        ]
    ]
}