{
    "trial_id": "config_60_rep_0",
    "metrics": {
        "centroid_mean": 481.8309326171875,
        "centroid_std": 769.4298095703125,
        "centroid_skewness": 1.4307903051376343,
        "flatness_mean": 0.025065787136554718,
        "flatness_std": 0.04391796141862869,
        "flatness_skewness": 1.8794772624969482,
        "flux_mean": 157.17442321777344,
        "flux_std": 934.5155639648438,
        "flux_skewness": 12.41683292388916
    },
    "markov_chains": [
        [
            3,
            65,
            47,
            52,
            7,
            15,
            50,
            61,
            3,
            43,
            9,
            38,
            58,
            38,
            8,
            16,
            26,
            19,
            34,
            41,
            11
        ],
        [
            53,
            20,
            30,
            47,
            31,
            53,
            5,
            70,
            52,
            20,
            3,
            22,
            38,
            46,
            9,
            53,
            11,
            6,
            54,
            11,
            17
        ],
        [
            8,
            45,
            57,
            69,
            21,
            13,
            43,
            65,
            9,
            11,
            3,
            43,
            46,
            1,
            8,
            32,
            50,
            62,
            0,
            2,
            49
        ],
        [
            15,
            29,
            50,
            20,
            6,
            11,
            3,
            56,
            58,
            39,
            11,
            3,
            43,
            6,
            6,
            22,
            71,
            6,
            36,
            37,
            17
        ]
    ]
}