{
    "trial_id": "config_23_rep_1",
    "metrics": {
        "centroid_mean": 532.150634765625,
        "centroid_std": 873.040771484375,
        "centroid_skewness": 1.5338945388793945,
        "flatness_mean": 0.02873110957443714,
        "flatness_std": 0.052781473845243454,
        "flatness_skewness": 2.2236971855163574,
        "flux_mean": 285.21453857421875,
        "flux_std": 1922.6138916015625,
        "flux_skewness": 11.711403846740723
    },
    "markov_chains": [
        [
            9,
            24,
            25,
            7,
            43,
            23,
            48,
            14,
            59,
            12,
            68,
            22,
            22,
            26,
            34,
            42,
            58,
            32,
            58,
            48,
            40
        ],
        [
            45,
            49,
            53,
            40,
            36,
            35,
            0,
            29,
            31,
            13,
            23,
            52,
            15,
            30,
            7,
            58,
            48,
            53,
            23,
            15,
            15
        ],
        [
            57,
            69,
            11,
            13,
            69,
            70,
            32,
            65,
            40,
            8,
            52,
            45,
            40,
            3,
            29,
            30,
            23,
            6,
            4,
            61,
            45
        ],
        [
            12,
            20,
            71,
            32,
            14,
            35,
            13,
            59,
            38,
            24,
            65,
            41,
            19,
            63,
            34,
            14,
            17,
            53,
            57,
            32,
            1
        ]
    ]
}