{
    "trial_id": "config_40_rep_0",
    "metrics": {
        "centroid_mean": 532.5126342773438,
        "centroid_std": 890.9391479492188,
        "centroid_skewness": 2.3872861862182617,
        "flatness_mean": 0.02916058897972107,
        "flatness_std": 0.05515246093273163,
        "flatness_skewness": 4.473606586456299,
        "flux_mean": 181.066650390625,
        "flux_std": 1651.0020751953125,
        "flux_skewness": 20.425630569458008
    },
    "markov_chains": [
        [
            0,
            65,
            45,
            50,
            12,
            16,
            50,
            65,
            2,
            46,
            16,
            38,
            54,
            32,
            7,
            14,
            27,
            19,
            36,
            40,
            9
        ],
        [
            0,
            23,
            29,
            47,
            34,
            57,
            7,
            71,
            57,
            15,
            7,
            23,
            35,
            44,
            10,
            54,
            13,
            6,
            54,
            12,
            19
        ],
        [
            15,
            44,
            62,
            70,
            18,
            14,
            45,
            66,
            11,
            16,
            4,
            41,
            47,
            2,
            11,
            34,
            54,
            67,
            0,
            3,
            48
        ],
        [
            30,
            28,
            52,
            22,
            8,
            10,
            4,
            55,
            56,
            33,
            6,
            3,
            42,
            14,
            5,
            21,
            71,
            6,
            29,
            35,
            18
        ]
    ]
}