{
    "trial_id": "config_183_rep_1",
    "metrics": {
        "centroid_mean": 1274.7919921875,
        "centroid_std": 481.7759704589844,
        "centroid_skewness": 0.9667133092880249,
        "flatness_mean": 0.06181298941373825,
        "flatness_std": 0.034687791019678116,
        "flatness_skewness": 1.5886147022247314,
        "flux_mean": 951.7337036132812,
        "flux_std": 2055.9169921875,
        "flux_skewness": 3.5209810733795166
    },
    "markov_chains": [
        [
            0,
            5,
            6,
            2,
            11,
            6,
            12,
            3,
            14,
            2,
            17,
            6,
            7,
            6,
            8,
            9,
            16,
            5,
            13,
            12,
            10
        ],
        [
            11,
            13,
            13,
            10,
            8,
            8,
            0,
            8,
            8,
            4,
            6,
            14,
            2,
            6,
            2,
            13,
            12,
            14,
            5,
            2,
            3
        ],
        [
            15,
            15,
            3,
            5,
            16,
            17,
            8,
            17,
            9,
            4,
            11,
            11,
            11,
            2,
            8,
            8,
            6,
            1,
            1,
            14,
            8
        ],
        [
            8,
            6,
            17,
            9,
            6,
            8,
            5,
            15,
            8,
            6,
            16,
            8,
            5,
            15,
            8,
            5,
            3,
            13,
            14,
            6,
            1
        ]
    ]
}