{
    "trial_id": "config_56_rep_2",
    "metrics": {
        "centroid_mean": 515.7527465820312,
        "centroid_std": 863.5396728515625,
        "centroid_skewness": 1.4579241275787354,
        "flatness_mean": 0.027519550174474716,
        "flatness_std": 0.049940090626478195,
        "flatness_skewness": 1.8197646141052246,
        "flux_mean": 219.94354248046875,
        "flux_std": 1745.966552734375,
        "flux_skewness": 13.338847160339355
    },
    "markov_chains": [
        [
            13,
            27,
            70,
            58,
            46,
            67,
            64,
            23,
            14,
            13,
            3,
            33,
            15,
            12,
            6,
            24,
            41,
            17,
            58,
            4,
            5
        ],
        [
            67,
            55,
            12,
            9,
            48,
            9,
            56,
            17,
            64,
            50,
            62,
            26,
            70,
            56,
            30,
            53,
            50,
            24,
            64,
            17,
            30
        ],
        [
            23,
            69,
            59,
            44,
            36,
            33,
            50,
            48,
            61,
            68,
            25,
            20,
            64,
            53,
            70,
            58,
            15,
            13,
            5,
            58,
            57
        ],
        [
            37,
            45,
            57,
            26,
            14,
            35,
            15,
            66,
            7,
            36,
            65,
            5,
            7,
            21,
            12,
            61,
            11,
            34,
            67,
            52,
            61
        ]
    ]
}