{
    "trial_id": "config_153_rep_1",
    "metrics": {
        "centroid_mean": 288.6601867675781,
        "centroid_std": 736.9845581054688,
        "centroid_skewness": 3.0042598247528076,
        "flatness_mean": 0.015435626730322838,
        "flatness_std": 0.04528123885393143,
        "flatness_skewness": 4.075804233551025,
        "flux_mean": 54.39949035644531,
        "flux_std": 393.6920166015625,
        "flux_skewness": 8.928642272949219
    },
    "markov_chains": [
        [
            0,
            5,
            6,
            2,
            11,
            6,
            12,
            3,
            14,
            2,
            17,
            6,
            7,
            6,
            8,
            9,
            16,
            5,
            13,
            12,
            10
        ],
        [
            11,
            13,
            13,
            10,
            8,
            8,
            0,
            8,
            8,
            4,
            6,
            14,
            2,
            6,
            2,
            13,
            12,
            14,
            5,
            2,
            3
        ],
        [
            15,
            15,
            3,
            5,
            16,
            17,
            8,
            17,
            9,
            4,
            11,
            11,
            11,
            2,
            8,
            8,
            6,
            1,
            1,
            14,
            8
        ],
        [
            8,
            6,
            17,
            9,
            6,
            8,
            5,
            15,
            8,
            6,
            16,
            8,
            5,
            15,
            8,
            5,
            3,
            13,
            14,
            6,
            1
        ]
    ]
}