{
    "trial_id": "config_10_rep_0",
    "metrics": {
        "centroid_mean": 504.4949035644531,
        "centroid_std": 886.9638671875,
        "centroid_skewness": 2.553555488586426,
        "flatness_mean": 0.027176523581147194,
        "flatness_std": 0.05437297001481056,
        "flatness_skewness": 4.705511093139648,
        "flux_mean": 342.330322265625,
        "flux_std": 1746.371337890625,
        "flux_skewness": 11.749432563781738
    },
    "markov_chains": [
        [
            46,
            63,
            50,
            54,
            7,
            13,
            50,
            64,
            1,
            43,
            14,
            43,
            55,
            36,
            9,
            18,
            31,
            20,
            33,
            38,
            11
        ],
        [
            63,
            23,
            30,
            49,
            30,
            56,
            10,
            69,
            59,
            27,
            6,
            22,
            38,
            46,
            9,
            55,
            14,
            6,
            49,
            12,
            16
        ],
        [
            17,
            46,
            57,
            70,
            25,
            12,
            44,
            65,
            12,
            13,
            2,
            40,
            47,
            2,
            6,
            29,
            55,
            65,
            0,
            1,
            49
        ],
        [
            34,
            26,
            58,
            21,
            7,
            9,
            4,
            52,
            59,
            40,
            8,
            3,
            47,
            8,
            5,
            22,
            71,
            6,
            31,
            35,
            17
        ]
    ]
}