{
    "trial_id": "config_286_rep_2",
    "metrics": {
        "centroid_mean": 278.19183349609375,
        "centroid_std": 679.3114013671875,
        "centroid_skewness": 2.4783101081848145,
        "flatness_mean": 0.01503754686564207,
        "flatness_std": 0.039132922887802124,
        "flatness_skewness": 2.9450809955596924,
        "flux_mean": 103.30655670166016,
        "flux_std": 1244.74853515625,
        "flux_skewness": 22.273691177368164
    },
    "markov_chains": [
        [
            2,
            34,
            70,
            64,
            37,
            63,
            61,
            20,
            18,
            13,
            5,
            27,
            14,
            10,
            5,
            24,
            41,
            17,
            57,
            4,
            4
        ],
        [
            44,
            54,
            13,
            7,
            54,
            8,
            60,
            22,
            62,
            50,
            63,
            26,
            70,
            61,
            30,
            55,
            48,
            22,
            61,
            15,
            32
        ]
    ]
}