{
    "trial_id": "config_80_rep_0",
    "metrics": {
        "centroid_mean": 521.9891357421875,
        "centroid_std": 839.1609497070312,
        "centroid_skewness": 1.4167721271514893,
        "flatness_mean": 0.028068313375115395,
        "flatness_std": 0.04931953176856041,
        "flatness_skewness": 1.9193998575210571,
        "flux_mean": 238.53228759765625,
        "flux_std": 1516.0626220703125,
        "flux_skewness": 18.06573486328125
    },
    "markov_chains": [
        [
            28,
            61,
            53,
            52,
            8,
            12,
            50,
            65,
            5,
            45,
            19,
            37,
            60,
            29,
            7,
            17,
            29,
            22,
            41,
            37,
            13
        ],
        [
            18,
            22,
            36,
            51,
            34,
            56,
            9,
            70,
            54,
            19,
            5,
            23,
            37,
            52,
            13,
            53,
            18,
            7,
            56,
            14,
            14
        ],
        [
            48,
            45,
            60,
            70,
            23,
            15,
            50,
            66,
            12,
            16,
            5,
            45,
            52,
            2,
            11,
            35,
            55,
            62,
            1,
            1,
            51
        ],
        [
            12,
            29,
            52,
            21,
            7,
            11,
            6,
            58,
            62,
            37,
            13,
            3,
            41,
            11,
            8,
            17,
            71,
            4,
            33,
            36,
            18
        ]
    ]
}