{
    "trial_id": "config_13_rep_1",
    "metrics": {
        "centroid_mean": 499.6366271972656,
        "centroid_std": 880.2161865234375,
        "centroid_skewness": 1.8628498315811157,
        "flatness_mean": 0.02737610600888729,
        "flatness_std": 0.05470213666558266,
        "flatness_skewness": 2.8720359802246094,
        "flux_mean": 249.410888671875,
        "flux_std": 1813.9830322265625,
        "flux_skewness": 12.549226760864258
    },
    "markov_chains": [
        [
            26,
            24,
            27,
            7,
            41,
            19,
            51,
            13,
            62,
            14,
            67,
            24,
            27,
            27,
            30,
            41,
            59,
            31,
            55,
            54,
            42
        ],
        [
            51,
            53,
            55,
            42,
            41,
            32,
            0,
            26,
            38,
            11,
            23,
            53,
            18,
            23,
            10,
            55,
            54,
            55,
            28,
            14,
            14
        ],
        [
            1,
            70,
            10,
            13,
            67,
            70,
            38,
            65,
            42,
            8,
            52,
            45,
            43,
            3,
            31,
            33,
            22,
            5,
            3,
            62,
            41
        ],
        [
            63,
            17,
            71,
            30,
            12,
            36,
            15,
            60,
            37,
            23,
            65,
            43,
            17,
            64,
            34,
            14,
            19,
            58,
            58,
            27,
            1
        ]
    ]
}