{
    "trial_id": "config_0_rep_0",
    "metrics": {
        "centroid_mean": 529.2440795898438,
        "centroid_std": 888.5399169921875,
        "centroid_skewness": 2.346703290939331,
        "flatness_mean": 0.028591670095920563,
        "flatness_std": 0.05407432094216347,
        "flatness_skewness": 4.476901531219482,
        "flux_mean": 249.0345458984375,
        "flux_std": 1253.7066650390625,
        "flux_skewness": 10.339842796325684
    },
    "markov_chains": [
        [
            2,
            67,
            48,
            48,
            8,
            14,
            50,
            63,
            3,
            42,
            13,
            43,
            56,
            34,
            8,
            15,
            27,
            17,
            38,
            37,
            9
        ],
        [
            44,
            21,
            28,
            49,
            30,
            54,
            8,
            71,
            56,
            21,
            4,
            26,
            32,
            45,
            9,
            54,
            13,
            6,
            54,
            12,
            17
        ],
        [
            62,
            45,
            61,
            71,
            26,
            12,
            44,
            66,
            13,
            18,
            3,
            42,
            49,
            2,
            8,
            32,
            54,
            66,
            2,
            4,
            48
        ],
        [
            34,
            31,
            53,
            20,
            11,
            9,
            5,
            51,
            61,
            32,
            8,
            6,
            46,
            12,
            7,
            18,
            71,
            8,
            35,
            37,
            17
        ]
    ]
}