{
    "trial_id": "config_46_rep_2",
    "metrics": {
        "centroid_mean": 566.75341796875,
        "centroid_std": 906.6986694335938,
        "centroid_skewness": 1.3332788944244385,
        "flatness_mean": 0.031416844576597214,
        "flatness_std": 0.0539301335811615,
        "flatness_skewness": 1.7446738481521606,
        "flux_mean": 367.07476806640625,
        "flux_std": 2315.582275390625,
        "flux_skewness": 11.672446250915527
    },
    "markov_chains": [
        [
            32,
            32,
            70,
            65,
            40,
            62,
            62,
            22,
            19,
            12,
            4,
            29,
            14,
            7,
            3,
            28,
            41,
            19,
            55,
            4,
            5
        ],
        [
            8,
            52,
            12,
            5,
            51,
            11,
            61,
            19,
            62,
            51,
            62,
            29,
            70,
            61,
            32,
            57,
            43,
            24,
            60,
            15,
            31
        ],
        [
            3,
            67,
            62,
            44,
            29,
            29,
            45,
            43,
            57,
            69,
            26,
            25,
            64,
            48,
            70,
            65,
            18,
            10,
            8,
            57,
            53
        ],
        [
            40,
            47,
            60,
            24,
            13,
            30,
            18,
            67,
            9,
            37,
            65,
            5,
            5,
            21,
            15,
            59,
            10,
            29,
            68,
            48,
            63
        ]
    ]
}