{
    "trial_id": "config_226_rep_2",
    "metrics": {
        "centroid_mean": 146.6348419189453,
        "centroid_std": 490.7940979003906,
        "centroid_skewness": 3.490994691848755,
        "flatness_mean": 0.007822913117706776,
        "flatness_std": 0.027515744790434837,
        "flatness_skewness": 4.0854644775390625,
        "flux_mean": 160.47933959960938,
        "flux_std": 1035.1502685546875,
        "flux_skewness": 10.1869535446167
    },
    "markov_chains": [
        [
            2,
            34,
            70,
            64,
            37,
            63,
            61,
            20,
            18,
            13,
            5,
            27,
            14,
            10,
            5,
            24,
            41,
            17,
            57,
            4,
            4
        ]
    ]
}