{
    "trial_id": "config_93_rep_1",
    "metrics": {
        "centroid_mean": 496.32177734375,
        "centroid_std": 859.7767333984375,
        "centroid_skewness": 1.5616438388824463,
        "flatness_mean": 0.026693442836403847,
        "flatness_std": 0.050767287611961365,
        "flatness_skewness": 2.090038537979126,
        "flux_mean": 281.7150573730469,
        "flux_std": 2196.08984375,
        "flux_skewness": 12.139518737792969
    },
    "markov_chains": [
        [
            2,
            23,
            25,
            5,
            43,
            19,
            48,
            15,
            58,
            12,
            69,
            30,
            24,
            32,
            30,
            40,
            61,
            36,
            58,
            51,
            39
        ],
        [
            7,
            50,
            57,
            36,
            38,
            30,
            0,
            30,
            34,
            7,
            24,
            56,
            15,
            22,
            8,
            59,
            51,
            54,
            27,
            10,
            9
        ],
        [
            3,
            70,
            8,
            14,
            68,
            70,
            32,
            66,
            41,
            4,
            53,
            48,
            41,
            1,
            33,
            34,
            27,
            3,
            2,
            60,
            42
        ],
        [
            41,
            20,
            71,
            39,
            13,
            30,
            11,
            62,
            36,
            25,
            65,
            44,
            19,
            62,
            36,
            12,
            19,
            56,
            59,
            31,
            4
        ]
    ]
}