{
    "trial_id": "config_133_rep_1",
    "metrics": {
        "centroid_mean": 1329.0849609375,
        "centroid_std": 875.1226196289062,
        "centroid_skewness": 0.9551913738250732,
        "flatness_mean": 0.06762313842773438,
        "flatness_std": 0.06415753066539764,
        "flatness_skewness": 2.0423014163970947,
        "flux_mean": 128.57525634765625,
        "flux_std": 428.5253601074219,
        "flux_skewness": 6.805117130279541
    },
    "markov_chains": [
        [
            1,
            15,
            17,
            4,
            28,
            12,
            30,
            8,
            40,
            10,
            42,
            14,
            17,
            18,
            20,
            27,
            40,
            21,
            37,
            33,
            29
        ],
        [
            27,
            31,
            36,
            24,
            24,
            23,
            0,
            19,
            24,
            6,
            14,
            34,
            11,
            17,
            5,
            35,
            32,
            34,
            17,
            6,
            8
        ],
        [
            38,
            43,
            7,
            8,
            43,
            43,
            19,
            42,
            21,
            7,
            29,
            30,
            21,
            2,
            22,
            19,
            14,
            4,
            2,
            37,
            25
        ],
        [
            21,
            19,
            44,
            25,
            8,
            22,
            9,
            39,
            23,
            14,
            41,
            30,
            12,
            40,
            23,
            8,
            12,
            35,
            35,
            17,
            1
        ]
    ]
}