{
    "trial_id": "config_203_rep_1",
    "metrics": {
        "centroid_mean": 417.42681884765625,
        "centroid_std": 1100.1268310546875,
        "centroid_skewness": 3.3701961040496826,
        "flatness_mean": 0.033840179443359375,
        "flatness_std": 0.10742893815040588,
        "flatness_skewness": 4.318073272705078,
        "flux_mean": 223.82481384277344,
        "flux_std": 2256.42529296875,
        "flux_skewness": 17.163911819458008
    },
    "markov_chains": [
        [
            2,
            26,
            21,
            5,
            40,
            23,
            46,
            13,
            64,
            13,
            69,
            25,
            23,
            30,
            31,
            42,
            59,
            32,
            55,
            55,
            40
        ],
        [
            44,
            53,
            57,
            37,
            35,
            35,
            0,
            33,
            38,
            11,
            19,
            57,
            16,
            27,
            8,
            57,
            49,
            50,
            24,
            12,
            15
        ]
    ]
}