{
    "trial_id": "config_126_rep_2",
    "metrics": {
        "centroid_mean": 1428.4300537109375,
        "centroid_std": 274.6258239746094,
        "centroid_skewness": 0.08118972182273865,
        "flatness_mean": 0.07064874470233917,
        "flatness_std": 0.021366458386182785,
        "flatness_skewness": -0.15801677107810974,
        "flux_mean": 946.6732788085938,
        "flux_std": 1841.5263671875,
        "flux_skewness": 5.7113213539123535
    },
    "markov_chains": [
        [
            1,
            18,
            44,
            40,
            26,
            38,
            35,
            12,
            11,
            9,
            4,
            21,
            15,
            5,
            5,
            19,
            25,
            11,
            35,
            3,
            6
        ],
        [
            27,
            32,
            11,
            4,
            32,
            9,
            38,
            10,
            41,
            34,
            39,
            18,
            44,
            39,
            22,
            32,
            29,
            14,
            40,
            11,
            19
        ],
        [
            38,
            42,
            36,
            25,
            19,
            20,
            32,
            31,
            37,
            42,
            13,
            12,
            40,
            30,
            44,
            40,
            12,
            7,
            3,
            38,
            33
        ],
        [
            21,
            30,
            30,
            14,
            9,
            22,
            11,
            41,
            8,
            24,
            40,
            4,
            3,
            15,
            9,
            38,
            6,
            19,
            43,
            29,
            40
        ]
    ]
}