{
    "trial_id": "config_146_rep_2",
    "metrics": {
        "centroid_mean": 1466.7406005859375,
        "centroid_std": 495.0760803222656,
        "centroid_skewness": -0.39585718512535095,
        "flatness_mean": 0.0746215432882309,
        "flatness_std": 0.03504281863570213,
        "flatness_skewness": 0.8500874042510986,
        "flux_mean": 756.9561767578125,
        "flux_std": 1350.509765625,
        "flux_skewness": 4.699588298797607
    },
    "markov_chains": [
        [
            0,
            8,
            17,
            14,
            9,
            16,
            15,
            4,
            4,
            3,
            1,
            7,
            2,
            2,
            1,
            6,
            11,
            6,
            14,
            1,
            2
        ],
        [
            11,
            13,
            4,
            2,
            12,
            2,
            14,
            3,
            15,
            11,
            16,
            3,
            16,
            15,
            7,
            15,
            10,
            4,
            14,
            2,
            8
        ],
        [
            15,
            15,
            13,
            11,
            9,
            9,
            13,
            11,
            15,
            15,
            4,
            4,
            13,
            12,
            17,
            14,
            2,
            2,
            2,
            13,
            12
        ],
        [
            8,
            10,
            14,
            5,
            2,
            8,
            6,
            16,
            1,
            8,
            17,
            2,
            2,
            5,
            2,
            14,
            1,
            8,
            17,
            11,
            16
        ]
    ]
}