{
    "trial_id": "config_63_rep_1",
    "metrics": {
        "centroid_mean": 518.1889038085938,
        "centroid_std": 909.044921875,
        "centroid_skewness": 1.7313001155853271,
        "flatness_mean": 0.02921684831380844,
        "flatness_std": 0.057455889880657196,
        "flatness_skewness": 2.4924838542938232,
        "flux_mean": 211.88156127929688,
        "flux_std": 1757.1497802734375,
        "flux_skewness": 17.030956268310547
    },
    "markov_chains": [
        [
            54,
            22,
            24,
            9,
            44,
            21,
            49,
            10,
            63,
            11,
            68,
            29,
            24,
            29,
            30,
            42,
            62,
            35,
            53,
            52,
            42
        ],
        [
            38,
            48,
            53,
            39,
            38,
            31,
            0,
            31,
            34,
            11,
            22,
            54,
            15,
            28,
            7,
            57,
            53,
            53,
            23,
            15,
            14
        ],
        [
            66,
            70,
            9,
            12,
            67,
            70,
            33,
            65,
            40,
            6,
            51,
            46,
            45,
            5,
            34,
            34,
            22,
            7,
            3,
            60,
            40
        ],
        [
            34,
            21,
            71,
            40,
            11,
            34,
            13,
            62,
            39,
            27,
            62,
            45,
            18,
            64,
            35,
            12,
            23,
            56,
            58,
            30,
            1
        ]
    ]
}