{
    "trial_id": "config_20_rep_0",
    "metrics": {
        "centroid_mean": 528.6945190429688,
        "centroid_std": 884.155517578125,
        "centroid_skewness": 2.376288652420044,
        "flatness_mean": 0.028887243941426277,
        "flatness_std": 0.054349105805158615,
        "flatness_skewness": 4.426730155944824,
        "flux_mean": 512.773681640625,
        "flux_std": 2548.437744140625,
        "flux_skewness": 10.630640983581543
    },
    "markov_chains": [
        [
            45,
            64,
            49,
            48,
            10,
            15,
            51,
            63,
            2,
            44,
            17,
            38,
            56,
            35,
            6,
            20,
            27,
            16,
            37,
            34,
            7
        ],
        [
            58,
            22,
            32,
            46,
            32,
            55,
            5,
            71,
            51,
            25,
            5,
            25,
            35,
            46,
            12,
            54,
            12,
            5,
            57,
            12,
            19
        ],
        [
            44,
            48,
            60,
            71,
            21,
            13,
            46,
            68,
            13,
            13,
            3,
            42,
            53,
            2,
            10,
            33,
            53,
            64,
            2,
            4,
            51
        ],
        [
            64,
            28,
            53,
            22,
            8,
            6,
            4,
            56,
            60,
            39,
            9,
            3,
            42,
            9,
            4,
            22,
            71,
            5,
            38,
            35,
            19
        ]
    ]
}