{
    "trial_id": "config_196_rep_2",
    "metrics": {
        "centroid_mean": 1243.0394287109375,
        "centroid_std": 390.4273376464844,
        "centroid_skewness": 1.5687278509140015,
        "flatness_mean": 0.05717453360557556,
        "flatness_std": 0.03132358193397522,
        "flatness_skewness": 1.6319429874420166,
        "flux_mean": 1034.122802734375,
        "flux_std": 2291.14990234375,
        "flux_skewness": 4.576999664306641
    },
    "markov_chains": [
        [
            0,
            12,
            26,
            24,
            16,
            20,
            22,
            9,
            4,
            6,
            4,
            11,
            7,
            5,
            2,
            9,
            13,
            8,
            21,
            1,
            4
        ],
        [
            16,
            17,
            6,
            5,
            19,
            3,
            22,
            8,
            23,
            19,
            24,
            11,
            26,
            24,
            14,
            22,
            20,
            9,
            23,
            5,
            14
        ],
        [
            23,
            26,
            24,
            16,
            10,
            12,
            18,
            18,
            21,
            25,
            9,
            6,
            22,
            21,
            26,
            24,
            8,
            3,
            1,
            21,
            22
        ],
        [
            13,
            15,
            19,
            8,
            4,
            12,
            7,
            25,
            3,
            11,
            23,
            2,
            3,
            5,
            7,
            23,
            3,
            10,
            24,
            19,
            24
        ]
    ]
}