{
    "trial_id": "config_186_rep_2",
    "metrics": {
        "centroid_mean": 1163.88671875,
        "centroid_std": 308.3011474609375,
        "centroid_skewness": 0.6453776955604553,
        "flatness_mean": 0.051028020679950714,
        "flatness_std": 0.023735282942652702,
        "flatness_skewness": 0.5706052780151367,
        "flux_mean": 1391.484130859375,
        "flux_std": 2500.65380859375,
        "flux_skewness": 6.314401149749756
    },
    "markov_chains": [
        [
            0,
            12,
            26,
            24,
            16,
            20,
            22,
            9,
            4,
            6,
            4,
            11,
            7,
            5,
            2,
            9,
            13,
            8,
            21,
            1,
            4
        ],
        [
            16,
            17,
            6,
            5,
            19,
            3,
            22,
            8,
            23,
            19,
            24,
            11,
            26,
            24,
            14,
            22,
            20,
            9,
            23,
            5,
            14
        ],
        [
            23,
            26,
            24,
            16,
            10,
            12,
            18,
            18,
            21,
            25,
            9,
            6,
            22,
            21,
            26,
            24,
            8,
            3,
            1,
            21,
            22
        ],
        [
            13,
            15,
            19,
            8,
            4,
            12,
            7,
            25,
            3,
            11,
            23,
            2,
            3,
            5,
            7,
            23,
            3,
            10,
            24,
            19,
            24
        ]
    ]
}