{
    "trial_id": "config_266_rep_2",
    "metrics": {
        "centroid_mean": 215.80274963378906,
        "centroid_std": 812.024169921875,
        "centroid_skewness": 4.916157245635986,
        "flatness_mean": 0.01777035929262638,
        "flatness_std": 0.07842269539833069,
        "flatness_skewness": 6.237636566162109,
        "flux_mean": 108.2531967163086,
        "flux_std": 1132.2142333984375,
        "flux_skewness": 21.214115142822266
    },
    "markov_chains": [
        [
            2,
            34,
            70,
            64,
            37,
            63,
            61,
            20,
            18,
            13,
            5,
            27,
            14,
            10,
            5,
            24,
            41,
            17,
            57,
            4,
            4
        ]
    ]
}