{
    "trial_id": "config_220_rep_0",
    "metrics": {
        "centroid_mean": 427.9637451171875,
        "centroid_std": 1169.3421630859375,
        "centroid_skewness": 3.1728200912475586,
        "flatness_mean": 0.037382762879133224,
        "flatness_std": 0.11758235841989517,
        "flatness_skewness": 3.858063220977783,
        "flux_mean": 105.77320098876953,
        "flux_std": 1106.9127197265625,
        "flux_skewness": 28.522228240966797
    },
    "markov_chains": [
        [
            2,
            67,
            48,
            48,
            8,
            14,
            50,
            63,
            3,
            42,
            13,
            43,
            56,
            34,
            8,
            15,
            27,
            17,
            38,
            37,
            9
        ],
        [
            44,
            21,
            28,
            49,
            30,
            54,
            8,
            71,
            56,
            21,
            4,
            26,
            32,
            45,
            9,
            54,
            13,
            6,
            54,
            12,
            17
        ]
    ]
}