{
    "trial_id": "config_43_rep_1",
    "metrics": {
        "centroid_mean": 532.1563720703125,
        "centroid_std": 909.396484375,
        "centroid_skewness": 1.6928014755249023,
        "flatness_mean": 0.029526030644774437,
        "flatness_std": 0.05607278645038605,
        "flatness_skewness": 2.7242751121520996,
        "flux_mean": 300.7630310058594,
        "flux_std": 2476.029296875,
        "flux_skewness": 11.69565486907959
    },
    "markov_chains": [
        [
            67,
            22,
            22,
            6,
            45,
            21,
            48,
            15,
            61,
            13,
            66,
            21,
            25,
            30,
            31,
            39,
            64,
            38,
            61,
            53,
            40
        ],
        [
            66,
            46,
            56,
            38,
            39,
            35,
            0,
            29,
            33,
            11,
            21,
            54,
            17,
            30,
            11,
            55,
            55,
            56,
            25,
            15,
            9
        ],
        [
            60,
            69,
            14,
            11,
            67,
            69,
            34,
            67,
            41,
            5,
            53,
            45,
            42,
            2,
            30,
            34,
            29,
            6,
            3,
            58,
            42
        ],
        [
            65,
            23,
            71,
            33,
            15,
            31,
            14,
            61,
            36,
            28,
            65,
            41,
            19,
            63,
            39,
            13,
            20,
            53,
            57,
            32,
            1
        ]
    ]
}