{
    "trial_id": "config_170_rep_0",
    "metrics": {
        "centroid_mean": 1370.3653564453125,
        "centroid_std": 291.0445861816406,
        "centroid_skewness": 0.4878510534763336,
        "flatness_mean": 0.06798635423183441,
        "flatness_std": 0.021075913682579994,
        "flatness_skewness": 0.3388964533805847,
        "flux_mean": 736.736083984375,
        "flux_std": 1539.861328125,
        "flux_skewness": 7.482824325561523
    },
    "markov_chains": [
        [
            0,
            16,
            11,
            13,
            2,
            3,
            11,
            16,
            0,
            11,
            5,
            8,
            14,
            7,
            1,
            5,
            7,
            3,
            8,
            8,
            4
        ],
        [
            11,
            6,
            8,
            11,
            8,
            12,
            2,
            17,
            12,
            4,
            0,
            6,
            10,
            12,
            2,
            13,
            4,
            2,
            13,
            4,
            4
        ],
        [
            15,
            10,
            16,
            17,
            5,
            2,
            10,
            16,
            1,
            5,
            0,
            11,
            13,
            1,
            2,
            8,
            12,
            17,
            0,
            0,
            13
        ],
        [
            8,
            7,
            14,
            4,
            3,
            3,
            1,
            14,
            14,
            8,
            4,
            0,
            11,
            3,
            3,
            6,
            17,
            2,
            8,
            8,
            6
        ]
    ]
}