{
    "trial_id": "config_90_rep_0",
    "metrics": {
        "centroid_mean": 537.1175537109375,
        "centroid_std": 859.2329711914062,
        "centroid_skewness": 1.3610798120498657,
        "flatness_mean": 0.02907669171690941,
        "flatness_std": 0.050062648952007294,
        "flatness_skewness": 1.8085250854492188,
        "flux_mean": 143.8829803466797,
        "flux_std": 777.0593872070312,
        "flux_skewness": 11.428831100463867
    },
    "markov_chains": [
        [
            31,
            65,
            49,
            53,
            9,
            13,
            51,
            62,
            3,
            43,
            13,
            43,
            57,
            33,
            6,
            14,
            28,
            18,
            37,
            34,
            10
        ],
        [
            39,
            23,
            29,
            51,
            30,
            56,
            12,
            70,
            55,
            20,
            5,
            24,
            36,
            42,
            10,
            57,
            11,
            7,
            55,
            14,
            15
        ],
        [
            5,
            43,
            59,
            70,
            23,
            14,
            43,
            65,
            14,
            13,
            3,
            43,
            47,
            1,
            9,
            32,
            56,
            66,
            1,
            3,
            51
        ],
        [
            26,
            28,
            53,
            21,
            10,
            11,
            5,
            56,
            60,
            35,
            8,
            5,
            42,
            10,
            5,
            21,
            71,
            5,
            33,
            36,
            18
        ]
    ]
}