{
    "trial_id": "config_213_rep_1",
    "metrics": {
        "centroid_mean": 157.23956298828125,
        "centroid_std": 552.8228149414062,
        "centroid_skewness": 4.066449165344238,
        "flatness_mean": 0.008215861395001411,
        "flatness_std": 0.03324688598513603,
        "flatness_skewness": 5.155925750732422,
        "flux_mean": 176.89907836914062,
        "flux_std": 1721.2060546875,
        "flux_skewness": 14.049553871154785
    },
    "markov_chains": [
        [
            2,
            26,
            21,
            5,
            40,
            23,
            46,
            13,
            64,
            13,
            69,
            25,
            23,
            30,
            31,
            42,
            59,
            32,
            55,
            55,
            40
        ]
    ]
}