{
    "trial_id": "config_66_rep_2",
    "metrics": {
        "centroid_mean": 499.5175476074219,
        "centroid_std": 881.9193725585938,
        "centroid_skewness": 1.734390377998352,
        "flatness_mean": 0.026373419910669327,
        "flatness_std": 0.05102644860744476,
        "flatness_skewness": 2.2111244201660156,
        "flux_mean": 259.1512145996094,
        "flux_std": 1925.878662109375,
        "flux_skewness": 14.883613586425781
    },
    "markov_chains": [
        [
            25,
            32,
            71,
            64,
            42,
            65,
            59,
            19,
            15,
            15,
            5,
            26,
            17,
            8,
            4,
            26,
            45,
            19,
            56,
            5,
            7
        ],
        [
            17,
            48,
            10,
            7,
            53,
            10,
            61,
            18,
            65,
            49,
            64,
            26,
            69,
            58,
            30,
            51,
            46,
            23,
            63,
            19,
            28
        ],
        [
            14,
            69,
            58,
            39,
            28,
            30,
            46,
            51,
            56,
            69,
            25,
            21,
            63,
            52,
            69,
            60,
            15,
            11,
            9,
            58,
            51
        ],
        [
            47,
            42,
            59,
            21,
            12,
            22,
            18,
            67,
            9,
            36,
            61,
            5,
            7,
            22,
            12,
            56,
            10,
            32,
            69,
            49,
            64
        ]
    ]
}