{
    "trial_id": "config_123_rep_1",
    "metrics": {
        "centroid_mean": 1316.127685546875,
        "centroid_std": 279.5189514160156,
        "centroid_skewness": 1.0706678628921509,
        "flatness_mean": 0.0634799674153328,
        "flatness_std": 0.022038349881768227,
        "flatness_skewness": 2.528984546661377,
        "flux_mean": 608.283203125,
        "flux_std": 1469.208984375,
        "flux_skewness": 6.1176228523254395
    },
    "markov_chains": [
        [
            0,
            9,
            8,
            2,
            14,
            7,
            19,
            3,
            22,
            5,
            26,
            9,
            9,
            10,
            12,
            16,
            20,
            13,
            20,
            19,
            14
        ],
        [
            16,
            16,
            18,
            13,
            13,
            13,
            0,
            11,
            14,
            4,
            8,
            19,
            4,
            11,
            5,
            20,
            19,
            21,
            8,
            3,
            2
        ],
        [
            23,
            26,
            4,
            5,
            26,
            26,
            13,
            24,
            16,
            3,
            17,
            18,
            13,
            2,
            10,
            13,
            11,
            4,
            1,
            22,
            17
        ],
        [
            13,
            9,
            25,
            14,
            5,
            14,
            5,
            23,
            15,
            7,
            24,
            16,
            6,
            23,
            15,
            5,
            8,
            20,
            20,
            11,
            1
        ]
    ]
}