{
    "trial_id": "config_50_rep_0",
    "metrics": {
        "centroid_mean": 492.3363342285156,
        "centroid_std": 847.703857421875,
        "centroid_skewness": 2.6410365104675293,
        "flatness_mean": 0.02603522501885891,
        "flatness_std": 0.051629140973091125,
        "flatness_skewness": 5.11058235168457,
        "flux_mean": 241.61572265625,
        "flux_std": 1536.339599609375,
        "flux_skewness": 16.88785743713379
    },
    "markov_chains": [
        [
            29,
            66,
            52,
            50,
            7,
            12,
            51,
            64,
            5,
            42,
            13,
            41,
            54,
            37,
            11,
            16,
            30,
            21,
            35,
            32,
            12
        ],
        [
            61,
            25,
            31,
            51,
            29,
            57,
            7,
            71,
            53,
            22,
            4,
            30,
            36,
            46,
            8,
            52,
            11,
            7,
            50,
            11,
            17
        ],
        [
            18,
            44,
            58,
            70,
            22,
            12,
            47,
            67,
            15,
            14,
            2,
            45,
            52,
            1,
            8,
            33,
            54,
            66,
            1,
            4,
            52
        ],
        [
            3,
            28,
            54,
            24,
            10,
            12,
            3,
            56,
            61,
            37,
            12,
            2,
            45,
            14,
            4,
            26,
            71,
            4,
            40,
            36,
            18
        ]
    ]
}