{
    "trial_id": "config_96_rep_2",
    "metrics": {
        "centroid_mean": 554.6192626953125,
        "centroid_std": 875.4880981445312,
        "centroid_skewness": 1.3492650985717773,
        "flatness_mean": 0.029747135937213898,
        "flatness_std": 0.05163562297821045,
        "flatness_skewness": 1.8728231191635132,
        "flux_mean": 195.3638916015625,
        "flux_std": 1501.4173583984375,
        "flux_skewness": 14.085497856140137
    },
    "markov_chains": [
        [
            17,
            33,
            71,
            63,
            42,
            62,
            62,
            23,
            17,
            15,
            7,
            26,
            16,
            8,
            5,
            31,
            44,
            18,
            62,
            5,
            10
        ],
        [
            62,
            53,
            10,
            6,
            51,
            10,
            61,
            17,
            67,
            51,
            64,
            30,
            70,
            64,
            35,
            52,
            49,
            22,
            62,
            18,
            33
        ],
        [
            15,
            69,
            59,
            42,
            31,
            33,
            50,
            47,
            59,
            70,
            29,
            21,
            63,
            50,
            70,
            65,
            20,
            12,
            7,
            53,
            56
        ],
        [
            64,
            47,
            57,
            25,
            14,
            32,
            19,
            67,
            10,
            36,
            67,
            9,
            9,
            25,
            16,
            57,
            11,
            33,
            69,
            47,
            65
        ]
    ]
}