{
    "trial_id": "config_110_rep_0",
    "metrics": {
        "centroid_mean": 1480.187255859375,
        "centroid_std": 505.5675048828125,
        "centroid_skewness": 0.6268409490585327,
        "flatness_mean": 0.07600446790456772,
        "flatness_std": 0.03611956909298897,
        "flatness_skewness": 0.7158946990966797,
        "flux_mean": 670.5392456054688,
        "flux_std": 1240.95751953125,
        "flux_skewness": 4.694570064544678
    },
    "markov_chains": [
        [
            2,
            67,
            48,
            48,
            8,
            14,
            50,
            63,
            3,
            42,
            13,
            43,
            56,
            34,
            8,
            15,
            27,
            17,
            38,
            37,
            9
        ],
        [
            44,
            21,
            28,
            49,
            30,
            54,
            8,
            71,
            56,
            21,
            4,
            26,
            32,
            45,
            9,
            54,
            13,
            6,
            54,
            12,
            17
        ],
        [
            62,
            45,
            61,
            71,
            26,
            12,
            44,
            66,
            13,
            18,
            3,
            42,
            49,
            2,
            8,
            32,
            54,
            66,
            2,
            4,
            48
        ],
        [
            34,
            31,
            53,
            20,
            11,
            9,
            5,
            51,
            61,
            32,
            8,
            6,
            46,
            12,
            7,
            18,
            71,
            8,
            35,
            37,
            17
        ]
    ]
}