{
    "trial_id": "config_140_rep_0",
    "metrics": {
        "centroid_mean": 1431.2564697265625,
        "centroid_std": 429.7584533691406,
        "centroid_skewness": 1.4607056379318237,
        "flatness_mean": 0.06444928050041199,
        "flatness_std": 0.0378640741109848,
        "flatness_skewness": 1.255109429359436,
        "flux_mean": 309.3100280761719,
        "flux_std": 639.494384765625,
        "flux_skewness": 4.827856063842773
    },
    "markov_chains": [
        [
            1,
            39,
            32,
            32,
            8,
            7,
            29,
            40,
            1,
            24,
            10,
            28,
            35,
            19,
            4,
            11,
            16,
            11,
            21,
            27,
            6
        ],
        [
            27,
            14,
            19,
            29,
            19,
            35,
            5,
            43,
            30,
            12,
            5,
            16,
            24,
            27,
            7,
            31,
            7,
            2,
            33,
            9,
            12
        ],
        [
            38,
            29,
            37,
            44,
            16,
            8,
            28,
            41,
            10,
            11,
            2,
            28,
            30,
            1,
            4,
            23,
            31,
            41,
            0,
            1,
            30
        ],
        [
            21,
            21,
            37,
            13,
            5,
            7,
            2,
            34,
            36,
            22,
            7,
            1,
            24,
            6,
            3,
            15,
            44,
            5,
            22,
            19,
            9
        ]
    ]
}