{
    "trial_id": "config_86_rep_2",
    "metrics": {
        "centroid_mean": 558.5128173828125,
        "centroid_std": 843.5181274414062,
        "centroid_skewness": 1.2049912214279175,
        "flatness_mean": 0.02940705232322216,
        "flatness_std": 0.04827529564499855,
        "flatness_skewness": 1.534508466720581,
        "flux_mean": 271.64141845703125,
        "flux_std": 1795.755859375,
        "flux_skewness": 12.293364524841309
    },
    "markov_chains": [
        [
            13,
            30,
            70,
            61,
            43,
            65,
            62,
            20,
            19,
            13,
            3,
            26,
            16,
            10,
            9,
            28,
            36,
            19,
            58,
            5,
            8
        ],
        [
            43,
            53,
            11,
            8,
            48,
            9,
            62,
            16,
            64,
            49,
            63,
            26,
            69,
            63,
            32,
            57,
            47,
            25,
            64,
            18,
            32
        ],
        [
            70,
            65,
            62,
            41,
            32,
            32,
            50,
            47,
            60,
            68,
            20,
            22,
            61,
            53,
            71,
            63,
            15,
            11,
            8,
            55,
            54
        ],
        [
            44,
            42,
            52,
            23,
            16,
            33,
            17,
            65,
            10,
            41,
            66,
            4,
            5,
            25,
            20,
            58,
            14,
            32,
            67,
            52,
            64
        ]
    ]
}