{
    "trial_id": "config_103_rep_1",
    "metrics": {
        "centroid_mean": 618.644775390625,
        "centroid_std": 903.7285766601562,
        "centroid_skewness": 1.0963895320892334,
        "flatness_mean": 0.03319980576634407,
        "flatness_std": 0.05304684117436409,
        "flatness_skewness": 1.5081568956375122,
        "flux_mean": 265.7019958496094,
        "flux_std": 1523.7470703125,
        "flux_skewness": 8.319580078125
    },
    "markov_chains": [
        [
            2,
            26,
            21,
            5,
            40,
            23,
            46,
            13,
            64,
            13,
            69,
            25,
            23,
            30,
            31,
            42,
            59,
            32,
            55,
            55,
            40
        ],
        [
            44,
            53,
            57,
            37,
            35,
            35,
            0,
            33,
            38,
            11,
            19,
            57,
            16,
            27,
            8,
            57,
            49,
            50,
            24,
            12,
            15
        ],
        [
            62,
            69,
            11,
            11,
            68,
            70,
            33,
            68,
            38,
            8,
            49,
            44,
            44,
            1,
            31,
            35,
            26,
            5,
            4,
            57,
            37
        ],
        [
            34,
            27,
            71,
            40,
            17,
            34,
            18,
            65,
            37,
            23,
            62,
            42,
            16,
            64,
            30,
            14,
            22,
            54,
            60,
            30,
            0
        ]
    ]
}