{
    "trial_id": "config_130_rep_0",
    "metrics": {
        "centroid_mean": 1266.227294921875,
        "centroid_std": 306.0848693847656,
        "centroid_skewness": 0.6444160342216492,
        "flatness_mean": 0.05931013077497482,
        "flatness_std": 0.0237492173910141,
        "flatness_skewness": 0.45717504620552063,
        "flux_mean": 1148.4169921875,
        "flux_std": 2140.61181640625,
        "flux_skewness": 5.358699321746826
    },
    "markov_chains": [
        [
            0,
            25,
            19,
            19,
            2,
            6,
            19,
            24,
            1,
            17,
            6,
            16,
            18,
            11,
            4,
            6,
            12,
            7,
            15,
            14,
            4
        ],
        [
            16,
            7,
            14,
            19,
            9,
            18,
            3,
            25,
            21,
            6,
            4,
            8,
            14,
            18,
            3,
            21,
            4,
            2,
            18,
            4,
            6
        ],
        [
            23,
            18,
            21,
            26,
            9,
            3,
            16,
            21,
            3,
            3,
            0,
            16,
            16,
            0,
            4,
            12,
            19,
            24,
            0,
            0,
            19
        ],
        [
            13,
            11,
            20,
            8,
            3,
            2,
            3,
            21,
            22,
            14,
            4,
            1,
            17,
            4,
            2,
            7,
            26,
            2,
            11,
            14,
            6
        ]
    ]
}