{
    "trial_id": "config_143_rep_1",
    "metrics": {
        "centroid_mean": 1442.12060546875,
        "centroid_std": 415.95123291015625,
        "centroid_skewness": 0.250074565410614,
        "flatness_mean": 0.07166877388954163,
        "flatness_std": 0.029528172686696053,
        "flatness_skewness": -0.1147400289773941,
        "flux_mean": 960.9901733398438,
        "flux_std": 2662.087646484375,
        "flux_skewness": 5.388589859008789
    },
    "markov_chains": [
        [
            1,
            15,
            17,
            4,
            28,
            12,
            30,
            8,
            40,
            10,
            42,
            14,
            17,
            18,
            20,
            27,
            40,
            21,
            37,
            33,
            29
        ],
        [
            27,
            31,
            36,
            24,
            24,
            23,
            0,
            19,
            24,
            6,
            14,
            34,
            11,
            17,
            5,
            35,
            32,
            34,
            17,
            6,
            8
        ],
        [
            38,
            43,
            7,
            8,
            43,
            43,
            19,
            42,
            21,
            7,
            29,
            30,
            21,
            2,
            22,
            19,
            14,
            4,
            2,
            37,
            25
        ],
        [
            21,
            19,
            44,
            25,
            8,
            22,
            9,
            39,
            23,
            14,
            41,
            30,
            12,
            40,
            23,
            8,
            12,
            35,
            35,
            17,
            1
        ]
    ]
}