{
    "trial_id": "config_113_rep_1",
    "metrics": {
        "centroid_mean": 1394.7633056640625,
        "centroid_std": 447.3816833496094,
        "centroid_skewness": 0.5871187448501587,
        "flatness_mean": 0.06576014310121536,
        "flatness_std": 0.0335279256105423,
        "flatness_skewness": 0.5389743447303772,
        "flux_mean": 1886.886474609375,
        "flux_std": 4146.1318359375,
        "flux_skewness": 5.4041924476623535
    },
    "markov_chains": [
        [
            2,
            26,
            21,
            5,
            40,
            23,
            46,
            13,
            64,
            13,
            69,
            25,
            23,
            30,
            31,
            42,
            59,
            32,
            55,
            55,
            40
        ],
        [
            44,
            53,
            57,
            37,
            35,
            35,
            0,
            33,
            38,
            11,
            19,
            57,
            16,
            27,
            8,
            57,
            49,
            50,
            24,
            12,
            15
        ],
        [
            62,
            69,
            11,
            11,
            68,
            70,
            33,
            68,
            38,
            8,
            49,
            44,
            44,
            1,
            31,
            35,
            26,
            5,
            4,
            57,
            37
        ],
        [
            34,
            27,
            71,
            40,
            17,
            34,
            18,
            65,
            37,
            23,
            62,
            42,
            16,
            64,
            30,
            14,
            22,
            54,
            60,
            30,
            0
        ]
    ]
}