{
    "trial_id": "config_33_rep_1",
    "metrics": {
        "centroid_mean": 540.4265747070312,
        "centroid_std": 910.9324951171875,
        "centroid_skewness": 1.421865701675415,
        "flatness_mean": 0.0300839114934206,
        "flatness_std": 0.05480726808309555,
        "flatness_skewness": 1.83686363697052,
        "flux_mean": 217.2194061279297,
        "flux_std": 1446.8734130859375,
        "flux_skewness": 9.174493789672852
    },
    "markov_chains": [
        [
            8,
            26,
            26,
            6,
            46,
            23,
            48,
            9,
            60,
            16,
            67,
            27,
            30,
            28,
            30,
            43,
            61,
            35,
            59,
            56,
            38
        ],
        [
            56,
            48,
            57,
            42,
            35,
            39,
            0,
            27,
            40,
            9,
            25,
            55,
            15,
            28,
            8,
            55,
            48,
            56,
            25,
            11,
            12
        ],
        [
            10,
            71,
            11,
            15,
            69,
            68,
            34,
            66,
            41,
            8,
            51,
            48,
            45,
            4,
            30,
            34,
            27,
            8,
            3,
            62,
            45
        ],
        [
            66,
            18,
            71,
            34,
            16,
            31,
            13,
            63,
            32,
            25,
            63,
            40,
            16,
            62,
            41,
            15,
            19,
            58,
            56,
            29,
            4
        ]
    ]
}