{
    "trial_id": "config_273_rep_1",
    "metrics": {
        "centroid_mean": 1269.125244140625,
        "centroid_std": 894.9432373046875,
        "centroid_skewness": 0.20775587856769562,
        "flatness_mean": 0.06812180578708649,
        "flatness_std": 0.058680612593889236,
        "flatness_skewness": 1.0432220697402954,
        "flux_mean": 563.8607177734375,
        "flux_std": 2307.0849609375,
        "flux_skewness": 7.752532005310059
    },
    "markov_chains": [
        [
            2,
            26,
            21,
            5,
            40,
            23,
            46,
            13,
            64,
            13,
            69,
            25,
            23,
            30,
            31,
            42,
            59,
            32,
            55,
            55,
            40
        ],
        [
            44,
            53,
            57,
            37,
            35,
            35,
            0,
            33,
            38,
            11,
            19,
            57,
            16,
            27,
            8,
            57,
            49,
            50,
            24,
            12,
            15
        ],
        [
            62,
            69,
            11,
            11,
            68,
            70,
            33,
            68,
            38,
            8,
            49,
            44,
            44,
            1,
            31,
            35,
            26,
            5,
            4,
            57,
            37
        ],
        [
            34,
            27,
            71,
            40,
            17,
            34,
            18,
            65,
            37,
            23,
            62,
            42,
            16,
            64,
            30,
            14,
            22,
            54,
            60,
            30,
            0
        ],
        [
            16,
            14,
            60,
            44,
            64,
            3,
            58,
            31,
            17,
            46,
            30,
            33,
            18,
            18,
            2,
            39,
            32,
            32,
            48,
            42,
            0
        ],
        [
            2,
            71,
            27,
            3,
            65,
            58,
            0,
            64,
            3,
            37,
            16,
            52,
            56,
            38,
            15,
            26,
            57,
            53,
            32,
            22,
            1
        ],
        [
            62,
            34,
            63,
            21,
            64,
            61,
            45,
            1,
            11,
            1,
            42,
            12,
            11,
            54,
            41,
            35,
            5,
            2,
            25,
            63,
            7
        ],
        [
            37,
            34,
            27,
            6,
            5,
            43,
            35,
            15,
            35,
            11,
            58,
            54,
            61,
            26,
            28,
            49,
            38,
            47,
            2,
            71,
            45
        ],
        [
            11,
            34,
            27,
            51,
            30,
            45,
            12,
            67,
            52,
            50,
            31,
            40,
            47,
            57,
            64,
            52,
            1,
            19,
            8,
            29,
            67
        ],
        [
            53,
            15,
            44,
            46,
            39,
            42,
            47,
            27,
            6,
            64,
            54,
            34,
            18,
            23,
            33,
            36,
            49,
            14,
            57,
            31,
            29
        ],
        [
            7,
            3,
            35,
            43,
            35,
            56,
            70,
            7,
            3,
            14,
            51,
            68,
            7,
            36,
            34,
            15,
            57,
            2,
            39,
            57,
            34
        ],
        [
            37,
            57,
            29,
            60,
            19,
            21,
            58,
            58,
            38,
            40,
            27,
            6,
            9,
            66,
            29,
            26,
            6,
            23,
            31,
            32,
            8
        ],
        [
            23,
            22,
            36,
            27,
            8,
            53,
            36,
            64,
            13,
            67,
            33,
            37,
            8,
            35,
            57,
            60,
            52,
            61,
            22,
            10,
            36
        ],
        [
            5,
            21,
            3,
            25,
            16,
            62,
            59,
            42,
            32,
            21,
            10,
            14,
            62,
            13,
            4,
            47,
            59,
            22,
            66,
            30,
            34
        ],
        [
            28,
            13,
            41,
            65,
            41,
            70,
            48,
            37,
            0,
            57,
            38,
            14,
            43,
            37,
            39,
            28,
            53,
            54,
            69,
            26,
            0
        ],
        [
            12,
            30,
            62,
            14,
            48,
            60,
            10,
            27,
            29,
            66,
            50,
            71,
            66,
            53,
            38,
            15,
            27,
            35,
            67,
            3,
            30
        ]
    ]
}