{
    "trial_id": "config_106_rep_2",
    "metrics": {
        "centroid_mean": 1487.2755126953125,
        "centroid_std": 822.693603515625,
        "centroid_skewness": 1.159833312034607,
        "flatness_mean": 0.07933592051267624,
        "flatness_std": 0.054972968995571136,
        "flatness_skewness": 3.6421923637390137,
        "flux_mean": 693.4894409179688,
        "flux_std": 1679.408203125,
        "flux_skewness": 4.582784652709961
    },
    "markov_chains": [
        [
            2,
            34,
            70,
            64,
            37,
            63,
            61,
            20,
            18,
            13,
            5,
            27,
            14,
            10,
            5,
            24,
            41,
            17,
            57,
            4,
            4
        ],
        [
            44,
            54,
            13,
            7,
            54,
            8,
            60,
            22,
            62,
            50,
            63,
            26,
            70,
            61,
            30,
            55,
            48,
            22,
            61,
            15,
            32
        ],
        [
            62,
            68,
            63,
            39,
            30,
            31,
            49,
            45,
            61,
            65,
            25,
            19,
            64,
            46,
            71,
            64,
            16,
            11,
            7,
            59,
            51
        ],
        [
            34,
            45,
            56,
            26,
            13,
            36,
            19,
            66,
            10,
            38,
            67,
            5,
            5,
            21,
            13,
            62,
            10,
            32,
            69,
            52,
            62
        ]
    ]
}