{
    "trial_id": "config_210_rep_0",
    "metrics": {
        "centroid_mean": 138.99761962890625,
        "centroid_std": 473.794189453125,
        "centroid_skewness": 3.634333372116089,
        "flatness_mean": 0.00745804188773036,
        "flatness_std": 0.026780441403388977,
        "flatness_skewness": 4.14947509765625,
        "flux_mean": 243.86050415039062,
        "flux_std": 1288.98486328125,
        "flux_skewness": 6.685829162597656
    },
    "markov_chains": [
        [
            2,
            67,
            48,
            48,
            8,
            14,
            50,
            63,
            3,
            42,
            13,
            43,
            56,
            34,
            8,
            15,
            27,
            17,
            38,
            37,
            9
        ]
    ]
}