{
    "trial_id": "config_73_rep_1",
    "metrics": {
        "centroid_mean": 495.92816162109375,
        "centroid_std": 842.8927612304688,
        "centroid_skewness": 1.6170601844787598,
        "flatness_mean": 0.02641957812011242,
        "flatness_std": 0.050483837723731995,
        "flatness_skewness": 2.2127671241760254,
        "flux_mean": 286.6568908691406,
        "flux_std": 1853.146728515625,
        "flux_skewness": 11.661737442016602
    },
    "markov_chains": [
        [
            51,
            24,
            26,
            6,
            42,
            19,
            45,
            17,
            62,
            17,
            68,
            23,
            24,
            30,
            30,
            43,
            61,
            31,
            55,
            52,
            39
        ],
        [
            30,
            50,
            56,
            40,
            42,
            33,
            0,
            26,
            33,
            11,
            20,
            52,
            15,
            23,
            9,
            57,
            53,
            54,
            24,
            12,
            10
        ],
        [
            49,
            68,
            11,
            13,
            68,
            70,
            33,
            68,
            40,
            7,
            50,
            45,
            43,
            3,
            27,
            35,
            22,
            6,
            2,
            59,
            42
        ],
        [
            2,
            20,
            70,
            34,
            13,
            34,
            13,
            63,
            34,
            22,
            62,
            47,
            17,
            64,
            40,
            17,
            23,
            53,
            57,
            29,
            1
        ]
    ]
}