{
    "trial_id": "config_36_rep_2",
    "metrics": {
        "centroid_mean": 541.0174560546875,
        "centroid_std": 914.3643798828125,
        "centroid_skewness": 1.4933415651321411,
        "flatness_mean": 0.029637349769473076,
        "flatness_std": 0.05393436923623085,
        "flatness_skewness": 1.7812879085540771,
        "flux_mean": 173.56338500976562,
        "flux_std": 1209.1407470703125,
        "flux_skewness": 10.985663414001465
    },
    "markov_chains": [
        [
            44,
            31,
            71,
            62,
            40,
            62,
            58,
            23,
            15,
            12,
            6,
            32,
            15,
            8,
            5,
            27,
            35,
            21,
            60,
            7,
            6
        ],
        [
            37,
            51,
            13,
            10,
            55,
            9,
            61,
            19,
            62,
            48,
            61,
            27,
            69,
            63,
            32,
            55,
            48,
            19,
            61,
            17,
            30
        ],
        [
            23,
            69,
            62,
            38,
            34,
            30,
            46,
            45,
            59,
            69,
            26,
            24,
            65,
            48,
            70,
            64,
            16,
            9,
            4,
            57,
            55
        ],
        [
            54,
            40,
            57,
            26,
            18,
            33,
            17,
            64,
            7,
            35,
            66,
            6,
            10,
            23,
            15,
            59,
            10,
            32,
            67,
            50,
            65
        ]
    ]
}