{
    "trial_id": "config_293_rep_1",
    "metrics": {
        "centroid_mean": 742.4691772460938,
        "centroid_std": 1324.047607421875,
        "centroid_skewness": 2.085010290145874,
        "flatness_mean": 0.06002039834856987,
        "flatness_std": 0.12975342571735382,
        "flatness_skewness": 2.881094455718994,
        "flux_mean": 286.7728271484375,
        "flux_std": 2320.806884765625,
        "flux_skewness": 14.798096656799316
    },
    "markov_chains": [
        [
            2,
            26,
            21,
            5,
            40,
            23,
            46,
            13,
            64,
            13,
            69,
            25,
            23,
            30,
            31,
            42,
            59,
            32,
            55,
            55,
            40
        ],
        [
            44,
            53,
            57,
            37,
            35,
            35,
            0,
            33,
            38,
            11,
            19,
            57,
            16,
            27,
            8,
            57,
            49,
            50,
            24,
            12,
            15
        ],
        [
            62,
            69,
            11,
            11,
            68,
            70,
            33,
            68,
            38,
            8,
            49,
            44,
            44,
            1,
            31,
            35,
            26,
            5,
            4,
            57,
            37
        ],
        [
            34,
            27,
            71,
            40,
            17,
            34,
            18,
            65,
            37,
            23,
            62,
            42,
            16,
            64,
            30,
            14,
            22,
            54,
            60,
            30,
            0
        ]
    ]
}