{
    "trial_id": "config_236_rep_2",
    "metrics": {
        "centroid_mean": 528.4832763671875,
        "centroid_std": 866.5882568359375,
        "centroid_skewness": 1.4368489980697632,
        "flatness_mean": 0.02880692295730114,
        "flatness_std": 0.051006168127059937,
        "flatness_skewness": 1.8919832706451416,
        "flux_mean": 170.0143585205078,
        "flux_std": 1301.47998046875,
        "flux_skewness": 15.192177772521973
    },
    "markov_chains": [
        [
            2,
            34,
            70,
            64,
            37,
            63,
            61,
            20,
            18,
            13,
            5,
            27,
            14,
            10,
            5,
            24,
            41,
            17,
            57,
            4,
            4
        ],
        [
            44,
            54,
            13,
            7,
            54,
            8,
            60,
            22,
            62,
            50,
            63,
            26,
            70,
            61,
            30,
            55,
            48,
            22,
            61,
            15,
            32
        ],
        [
            62,
            68,
            63,
            39,
            30,
            31,
            49,
            45,
            61,
            65,
            25,
            19,
            64,
            46,
            71,
            64,
            16,
            11,
            7,
            59,
            51
        ],
        [
            34,
            45,
            56,
            26,
            13,
            36,
            19,
            66,
            10,
            38,
            67,
            5,
            5,
            21,
            13,
            62,
            10,
            32,
            69,
            52,
            62
        ]
    ]
}