{
    "trial_id": "config_173_rep_1",
    "metrics": {
        "centroid_mean": 1246.4420166015625,
        "centroid_std": 262.5257873535156,
        "centroid_skewness": 0.7424359321594238,
        "flatness_mean": 0.057958416640758514,
        "flatness_std": 0.019028248265385628,
        "flatness_skewness": 0.6174466609954834,
        "flux_mean": 2440.948974609375,
        "flux_std": 3306.77978515625,
        "flux_skewness": 3.775143623352051
    },
    "markov_chains": [
        [
            0,
            9,
            8,
            2,
            14,
            7,
            19,
            3,
            22,
            5,
            26,
            9,
            9,
            10,
            12,
            16,
            20,
            13,
            20,
            19,
            14
        ],
        [
            16,
            16,
            18,
            13,
            13,
            13,
            0,
            11,
            14,
            4,
            8,
            19,
            4,
            11,
            5,
            20,
            19,
            21,
            8,
            3,
            2
        ],
        [
            23,
            26,
            4,
            5,
            26,
            26,
            13,
            24,
            16,
            3,
            17,
            18,
            13,
            2,
            10,
            13,
            11,
            4,
            1,
            22,
            17
        ],
        [
            13,
            9,
            25,
            14,
            5,
            14,
            5,
            23,
            15,
            7,
            24,
            16,
            6,
            23,
            15,
            5,
            8,
            20,
            20,
            11,
            1
        ]
    ]
}