{
    "trial_id": "config_193_rep_1",
    "metrics": {
        "centroid_mean": 1375.723876953125,
        "centroid_std": 356.97247314453125,
        "centroid_skewness": 0.41332516074180603,
        "flatness_mean": 0.06851432472467422,
        "flatness_std": 0.02829146943986416,
        "flatness_skewness": 0.9012973308563232,
        "flux_mean": 664.0928344726562,
        "flux_std": 1624.7275390625,
        "flux_skewness": 6.076082706451416
    },
    "markov_chains": [
        [
            1,
            15,
            17,
            4,
            28,
            12,
            30,
            8,
            40,
            10,
            42,
            14,
            17,
            18,
            20,
            27,
            40,
            21,
            37,
            33,
            29
        ],
        [
            27,
            31,
            36,
            24,
            24,
            23,
            0,
            19,
            24,
            6,
            14,
            34,
            11,
            17,
            5,
            35,
            32,
            34,
            17,
            6,
            8
        ],
        [
            38,
            43,
            7,
            8,
            43,
            43,
            19,
            42,
            21,
            7,
            29,
            30,
            21,
            2,
            22,
            19,
            14,
            4,
            2,
            37,
            25
        ],
        [
            21,
            19,
            44,
            25,
            8,
            22,
            9,
            39,
            23,
            14,
            41,
            30,
            12,
            40,
            23,
            8,
            12,
            35,
            35,
            17,
            1
        ]
    ]
}