{
    "trial_id": "config_150_rep_0",
    "metrics": {
        "centroid_mean": 1379.020263671875,
        "centroid_std": 415.3715515136719,
        "centroid_skewness": 0.9534040689468384,
        "flatness_mean": 0.06926845014095306,
        "flatness_std": 0.030988099053502083,
        "flatness_skewness": 1.3632029294967651,
        "flux_mean": 560.6766357421875,
        "flux_std": 1099.3814697265625,
        "flux_skewness": 4.871490001678467
    },
    "markov_chains": [
        [
            0,
            16,
            11,
            13,
            2,
            3,
            11,
            16,
            0,
            11,
            5,
            8,
            14,
            7,
            1,
            5,
            7,
            3,
            8,
            8,
            4
        ],
        [
            11,
            6,
            8,
            11,
            8,
            12,
            2,
            17,
            12,
            4,
            0,
            6,
            10,
            12,
            2,
            13,
            4,
            2,
            13,
            4,
            4
        ],
        [
            15,
            10,
            16,
            17,
            5,
            2,
            10,
            16,
            1,
            5,
            0,
            11,
            13,
            1,
            2,
            8,
            12,
            17,
            0,
            0,
            13
        ],
        [
            8,
            7,
            14,
            4,
            3,
            3,
            1,
            14,
            14,
            8,
            4,
            0,
            11,
            3,
            3,
            6,
            17,
            2,
            8,
            8,
            6
        ]
    ]
}