{
    "trial_id": "config_76_rep_2",
    "metrics": {
        "centroid_mean": 501.3215026855469,
        "centroid_std": 847.2095947265625,
        "centroid_skewness": 1.5858274698257446,
        "flatness_mean": 0.026637235656380653,
        "flatness_std": 0.04955451563000679,
        "flatness_skewness": 2.0343806743621826,
        "flux_mean": 323.0557861328125,
        "flux_std": 2385.941650390625,
        "flux_skewness": 11.874496459960938
    },
    "markov_chains": [
        [
            39,
            31,
            70,
            66,
            40,
            64,
            61,
            26,
            20,
            14,
            6,
            25,
            22,
            13,
            4,
            32,
            42,
            18,
            60,
            4,
            10
        ],
        [
            44,
            52,
            13,
            7,
            54,
            9,
            58,
            13,
            63,
            48,
            63,
            23,
            69,
            57,
            31,
            51,
            46,
            23,
            64,
            13,
            32
        ],
        [
            43,
            69,
            57,
            41,
            31,
            32,
            51,
            47,
            61,
            70,
            25,
            25,
            62,
            54,
            71,
            63,
            15,
            10,
            5,
            55,
            53
        ],
        [
            67,
            46,
            57,
            23,
            20,
            32,
            17,
            65,
            9,
            36,
            64,
            6,
            5,
            20,
            15,
            61,
            11,
            34,
            67,
            51,
            62
        ]
    ]
}