{
    "trial_id": "config_283_rep_1",
    "metrics": {
        "centroid_mean": 211.0016632080078,
        "centroid_std": 805.886962890625,
        "centroid_skewness": 5.117883205413818,
        "flatness_mean": 0.016606900840997696,
        "flatness_std": 0.077368825674057,
        "flatness_skewness": 6.6780924797058105,
        "flux_mean": 198.5206298828125,
        "flux_std": 2248.74658203125,
        "flux_skewness": 17.364850997924805
    },
    "markov_chains": [
        [
            2,
            26,
            21,
            5,
            40,
            23,
            46,
            13,
            64,
            13,
            69,
            25,
            23,
            30,
            31,
            42,
            59,
            32,
            55,
            55,
            40
        ]
    ]
}