{
    "trial_id": "config_120_rep_0",
    "metrics": {
        "centroid_mean": 1286.7254638671875,
        "centroid_std": 312.91064453125,
        "centroid_skewness": 0.7289032340049744,
        "flatness_mean": 0.06001482903957367,
        "flatness_std": 0.024187231436371803,
        "flatness_skewness": 0.6301853060722351,
        "flux_mean": 893.700927734375,
        "flux_std": 1546.78125,
        "flux_skewness": 4.836076259613037
    },
    "markov_chains": [
        [
            0,
            25,
            19,
            19,
            2,
            6,
            19,
            24,
            1,
            17,
            6,
            16,
            18,
            11,
            4,
            6,
            12,
            7,
            15,
            14,
            4
        ],
        [
            16,
            7,
            14,
            19,
            9,
            18,
            3,
            25,
            21,
            6,
            4,
            8,
            14,
            18,
            3,
            21,
            4,
            2,
            18,
            4,
            6
        ],
        [
            23,
            18,
            21,
            26,
            9,
            3,
            16,
            21,
            3,
            3,
            0,
            16,
            16,
            0,
            4,
            12,
            19,
            24,
            0,
            0,
            19
        ],
        [
            13,
            11,
            20,
            8,
            3,
            2,
            3,
            21,
            22,
            14,
            4,
            1,
            17,
            4,
            2,
            7,
            26,
            2,
            11,
            14,
            6
        ]
    ]
}