{
    "trial_id": "config_156_rep_2",
    "metrics": {
        "centroid_mean": 600.586669921875,
        "centroid_std": 735.7777709960938,
        "centroid_skewness": 0.847161591053009,
        "flatness_mean": 0.02940681204199791,
        "flatness_std": 0.04070800915360451,
        "flatness_skewness": 1.590086817741394,
        "flux_mean": 323.4674072265625,
        "flux_std": 1382.95849609375,
        "flux_skewness": 7.285927772521973
    },
    "markov_chains": [
        [
            0,
            12,
            26,
            24,
            16,
            20,
            22,
            9,
            4,
            6,
            4,
            11,
            7,
            5,
            2,
            9,
            13,
            8,
            21,
            1,
            4
        ],
        [
            16,
            17,
            6,
            5,
            19,
            3,
            22,
            8,
            23,
            19,
            24,
            11,
            26,
            24,
            14,
            22,
            20,
            9,
            23,
            5,
            14
        ],
        [
            23,
            26,
            24,
            16,
            10,
            12,
            18,
            18,
            21,
            25,
            9,
            6,
            22,
            21,
            26,
            24,
            8,
            3,
            1,
            21,
            22
        ],
        [
            13,
            15,
            19,
            8,
            4,
            12,
            7,
            25,
            3,
            11,
            23,
            2,
            3,
            5,
            7,
            23,
            3,
            10,
            24,
            19,
            24
        ]
    ]
}