{
    "trial_id": "config_16_rep_2",
    "metrics": {
        "centroid_mean": 517.9163208007812,
        "centroid_std": 891.8381958007812,
        "centroid_skewness": 1.564861536026001,
        "flatness_mean": 0.02798326686024666,
        "flatness_std": 0.05223460495471954,
        "flatness_skewness": 1.921215534210205,
        "flux_mean": 272.24761962890625,
        "flux_std": 2300.0859375,
        "flux_skewness": 14.346342086791992
    },
    "markov_chains": [
        [
            42,
            31,
            71,
            64,
            44,
            65,
            61,
            22,
            21,
            14,
            6,
            29,
            21,
            9,
            4,
            27,
            39,
            19,
            59,
            4,
            6
        ],
        [
            19,
            55,
            14,
            7,
            54,
            9,
            61,
            18,
            62,
            49,
            64,
            31,
            70,
            62,
            32,
            53,
            47,
            24,
            63,
            18,
            30
        ],
        [
            35,
            69,
            59,
            43,
            29,
            35,
            51,
            43,
            59,
            68,
            21,
            19,
            64,
            52,
            69,
            63,
            19,
            12,
            5,
            57,
            53
        ],
        [
            25,
            43,
            57,
            25,
            16,
            36,
            18,
            64,
            11,
            37,
            64,
            7,
            6,
            20,
            21,
            55,
            11,
            31,
            69,
            46,
            63
        ]
    ]
}