{
    "trial_id": "config_160_rep_0",
    "metrics": {
        "centroid_mean": 1361.3798828125,
        "centroid_std": 361.8637390136719,
        "centroid_skewness": 0.40865495800971985,
        "flatness_mean": 0.06647596508264542,
        "flatness_std": 0.02814004197716713,
        "flatness_skewness": 0.45945507287979126,
        "flux_mean": 2060.3388671875,
        "flux_std": 2747.364990234375,
        "flux_skewness": 3.2079532146453857
    },
    "markov_chains": [
        [
            1,
            39,
            32,
            32,
            8,
            7,
            29,
            40,
            1,
            24,
            10,
            28,
            35,
            19,
            4,
            11,
            16,
            11,
            21,
            27,
            6
        ],
        [
            27,
            14,
            19,
            29,
            19,
            35,
            5,
            43,
            30,
            12,
            5,
            16,
            24,
            27,
            7,
            31,
            7,
            2,
            33,
            9,
            12
        ],
        [
            38,
            29,
            37,
            44,
            16,
            8,
            28,
            41,
            10,
            11,
            2,
            28,
            30,
            1,
            4,
            23,
            31,
            41,
            0,
            1,
            30
        ],
        [
            21,
            21,
            37,
            13,
            5,
            7,
            2,
            34,
            36,
            22,
            7,
            1,
            24,
            6,
            3,
            15,
            44,
            5,
            22,
            19,
            9
        ]
    ]
}