{
    "trial_id": "config_100_rep_0",
    "metrics": {
        "centroid_mean": 1377.0107421875,
        "centroid_std": 465.5863342285156,
        "centroid_skewness": 2.7282156944274902,
        "flatness_mean": 0.0580531470477581,
        "flatness_std": 0.0374048613011837,
        "flatness_skewness": 2.052379608154297,
        "flux_mean": 377.5745849609375,
        "flux_std": 749.9859008789062,
        "flux_skewness": 3.572148323059082
    },
    "markov_chains": [
        [
            0,
            25,
            19,
            19,
            2,
            6,
            19,
            24,
            1,
            17,
            6,
            16,
            18,
            11,
            4,
            6,
            12,
            7,
            15,
            14,
            4
        ],
        [
            16,
            7,
            14,
            19,
            9,
            18,
            3,
            25,
            21,
            6,
            4,
            8,
            14,
            18,
            3,
            21,
            4,
            2,
            18,
            4,
            6
        ],
        [
            23,
            18,
            21,
            26,
            9,
            3,
            16,
            21,
            3,
            3,
            0,
            16,
            16,
            0,
            4,
            12,
            19,
            24,
            0,
            0,
            19
        ],
        [
            13,
            11,
            20,
            8,
            3,
            2,
            3,
            21,
            22,
            14,
            4,
            1,
            17,
            4,
            2,
            7,
            26,
            2,
            11,
            14,
            6
        ]
    ]
}