{
    "trial_id": "config_83_rep_1",
    "metrics": {
        "centroid_mean": 475.046875,
        "centroid_std": 859.3510131835938,
        "centroid_skewness": 1.8584707975387573,
        "flatness_mean": 0.025684062391519547,
        "flatness_std": 0.05327114090323448,
        "flatness_skewness": 2.8540730476379395,
        "flux_mean": 306.28057861328125,
        "flux_std": 1913.852783203125,
        "flux_skewness": 8.6319580078125
    },
    "markov_chains": [
        [
            67,
            26,
            22,
            5,
            46,
            23,
            48,
            15,
            61,
            12,
            67,
            28,
            26,
            28,
            34,
            42,
            62,
            34,
            57,
            52,
            46
        ],
        [
            3,
            52,
            57,
            41,
            39,
            31,
            1,
            28,
            37,
            8,
            24,
            54,
            18,
            30,
            9,
            57,
            52,
            57,
            22,
            10,
            10
        ],
        [
            59,
            70,
            11,
            11,
            66,
            69,
            34,
            66,
            41,
            3,
            53,
            48,
            45,
            3,
            34,
            35,
            25,
            5,
            2,
            59,
            38
        ],
        [
            50,
            23,
            71,
            37,
            12,
            35,
            16,
            63,
            37,
            21,
            63,
            45,
            17,
            64,
            36,
            16,
            20,
            58,
            58,
            28,
            2
        ]
    ]
}