{
    "trial_id": "config_240_rep_0",
    "metrics": {
        "centroid_mean": 785.0601196289062,
        "centroid_std": 1450.73828125,
        "centroid_skewness": 2.3777899742126465,
        "flatness_mean": 0.06594139337539673,
        "flatness_std": 0.14356522262096405,
        "flatness_skewness": 2.882222890853882,
        "flux_mean": 206.05072021484375,
        "flux_std": 1576.1026611328125,
        "flux_skewness": 17.555028915405273
    },
    "markov_chains": [
        [
            2,
            67,
            48,
            48,
            8,
            14,
            50,
            63,
            3,
            42,
            13,
            43,
            56,
            34,
            8,
            15,
            27,
            17,
            38,
            37,
            9
        ],
        [
            44,
            21,
            28,
            49,
            30,
            54,
            8,
            71,
            56,
            21,
            4,
            26,
            32,
            45,
            9,
            54,
            13,
            6,
            54,
            12,
            17
        ],
        [
            62,
            45,
            61,
            71,
            26,
            12,
            44,
            66,
            13,
            18,
            3,
            42,
            49,
            2,
            8,
            32,
            54,
            66,
            2,
            4,
            48
        ],
        [
            34,
            31,
            53,
            20,
            11,
            9,
            5,
            51,
            61,
            32,
            8,
            6,
            46,
            12,
            7,
            18,
            71,
            8,
            35,
            37,
            17
        ]
    ]
}