{
    "trial_id": "config_263_rep_1",
    "metrics": {
        "centroid_mean": 294.52984619140625,
        "centroid_std": 701.5015869140625,
        "centroid_skewness": 2.6088013648986816,
        "flatness_mean": 0.015663044527173042,
        "flatness_std": 0.042729053646326065,
        "flatness_skewness": 3.632995128631592,
        "flux_mean": 198.4114990234375,
        "flux_std": 1728.1158447265625,
        "flux_skewness": 13.856810569763184
    },
    "markov_chains": [
        [
            2,
            26,
            21,
            5,
            40,
            23,
            46,
            13,
            64,
            13,
            69,
            25,
            23,
            30,
            31,
            42,
            59,
            32,
            55,
            55,
            40
        ],
        [
            44,
            53,
            57,
            37,
            35,
            35,
            0,
            33,
            38,
            11,
            19,
            57,
            16,
            27,
            8,
            57,
            49,
            50,
            24,
            12,
            15
        ]
    ]
}