{
    "trial_id": "config_116_rep_2",
    "metrics": {
        "centroid_mean": 1217.386474609375,
        "centroid_std": 376.2170104980469,
        "centroid_skewness": 2.139317035675049,
        "flatness_mean": 0.04660758748650551,
        "flatness_std": 0.034698691219091415,
        "flatness_skewness": 1.7845207452774048,
        "flux_mean": 495.9080810546875,
        "flux_std": 761.0084228515625,
        "flux_skewness": 3.1906964778900146
    },
    "markov_chains": [
        [
            0,
            12,
            26,
            24,
            16,
            20,
            22,
            9,
            4,
            6,
            4,
            11,
            7,
            5,
            2,
            9,
            13,
            8,
            21,
            1,
            4
        ],
        [
            16,
            17,
            6,
            5,
            19,
            3,
            22,
            8,
            23,
            19,
            24,
            11,
            26,
            24,
            14,
            22,
            20,
            9,
            23,
            5,
            14
        ],
        [
            23,
            26,
            24,
            16,
            10,
            12,
            18,
            18,
            21,
            25,
            9,
            6,
            22,
            21,
            26,
            24,
            8,
            3,
            1,
            21,
            22
        ],
        [
            13,
            15,
            19,
            8,
            4,
            12,
            7,
            25,
            3,
            11,
            23,
            2,
            3,
            5,
            7,
            23,
            3,
            10,
            24,
            19,
            24
        ]
    ]
}