{
    "trial_id": "config_53_rep_1",
    "metrics": {
        "centroid_mean": 520.257080078125,
        "centroid_std": 896.5877075195312,
        "centroid_skewness": 1.8923345804214478,
        "flatness_mean": 0.02831103466451168,
        "flatness_std": 0.056013066321611404,
        "flatness_skewness": 3.777160167694092,
        "flux_mean": 245.128662109375,
        "flux_std": 1945.169921875,
        "flux_skewness": 14.998862266540527
    },
    "markov_chains": [
        [
            69,
            21,
            26,
            8,
            48,
            22,
            54,
            14,
            57,
            13,
            67,
            23,
            25,
            31,
            30,
            45,
            63,
            38,
            56,
            55,
            40
        ],
        [
            13,
            49,
            55,
            39,
            37,
            33,
            0,
            28,
            38,
            8,
            27,
            55,
            17,
            30,
            7,
            57,
            51,
            53,
            19,
            15,
            11
        ],
        [
            14,
            69,
            9,
            12,
            68,
            69,
            33,
            64,
            43,
            5,
            52,
            46,
            42,
            5,
            33,
            35,
            25,
            5,
            4,
            61,
            41
        ],
        [
            27,
            21,
            70,
            37,
            14,
            35,
            14,
            59,
            35,
            24,
            65,
            46,
            17,
            63,
            40,
            12,
            21,
            55,
            55,
            29,
            2
        ]
    ]
}