{
    "trial_id": "config_26_rep_2",
    "metrics": {
        "centroid_mean": 526.1420288085938,
        "centroid_std": 888.9578857421875,
        "centroid_skewness": 1.51664137840271,
        "flatness_mean": 0.028265824541449547,
        "flatness_std": 0.051858481019735336,
        "flatness_skewness": 1.8807660341262817,
        "flux_mean": 169.25146484375,
        "flux_std": 1121.3060302734375,
        "flux_skewness": 10.65163516998291
    },
    "markov_chains": [
        [
            28,
            28,
            70,
            65,
            42,
            63,
            59,
            24,
            17,
            13,
            5,
            33,
            18,
            10,
            6,
            28,
            38,
            19,
            58,
            3,
            7
        ],
        [
            16,
            53,
            13,
            6,
            53,
            8,
            59,
            19,
            64,
            45,
            63,
            25,
            70,
            62,
            34,
            55,
            46,
            22,
            63,
            12,
            30
        ],
        [
            39,
            69,
            60,
            43,
            32,
            37,
            51,
            45,
            57,
            69,
            23,
            21,
            60,
            52,
            71,
            65,
            18,
            14,
            6,
            57,
            53
        ],
        [
            17,
            44,
            56,
            25,
            15,
            35,
            22,
            67,
            6,
            39,
            67,
            4,
            8,
            20,
            19,
            59,
            11,
            29,
            68,
            48,
            65
        ]
    ]
}