{
    "trial_id": "config_166_rep_2",
    "metrics": {
        "centroid_mean": 1220.3642578125,
        "centroid_std": 322.6464538574219,
        "centroid_skewness": 0.5907065868377686,
        "flatness_mean": 0.055368561297655106,
        "flatness_std": 0.024842532351613045,
        "flatness_skewness": 0.5121756196022034,
        "flux_mean": 1637.1827392578125,
        "flux_std": 2974.665771484375,
        "flux_skewness": 5.234836101531982
    },
    "markov_chains": [
        [
            0,
            12,
            26,
            24,
            16,
            20,
            22,
            9,
            4,
            6,
            4,
            11,
            7,
            5,
            2,
            9,
            13,
            8,
            21,
            1,
            4
        ],
        [
            16,
            17,
            6,
            5,
            19,
            3,
            22,
            8,
            23,
            19,
            24,
            11,
            26,
            24,
            14,
            22,
            20,
            9,
            23,
            5,
            14
        ],
        [
            23,
            26,
            24,
            16,
            10,
            12,
            18,
            18,
            21,
            25,
            9,
            6,
            22,
            21,
            26,
            24,
            8,
            3,
            1,
            21,
            22
        ],
        [
            13,
            15,
            19,
            8,
            4,
            12,
            7,
            25,
            3,
            11,
            23,
            2,
            3,
            5,
            7,
            23,
            3,
            10,
            24,
            19,
            24
        ]
    ]
}