{
    "trial_id": "config_30_rep_0",
    "metrics": {
        "centroid_mean": 496.71392822265625,
        "centroid_std": 840.5302734375,
        "centroid_skewness": 1.6000645160675049,
        "flatness_mean": 0.026579877361655235,
        "flatness_std": 0.048704009503126144,
        "flatness_skewness": 2.0619401931762695,
        "flux_mean": 391.94915771484375,
        "flux_std": 1570.5863037109375,
        "flux_skewness": 6.756648540496826
    },
    "markov_chains": [
        [
            32,
            61,
            46,
            50,
            9,
            14,
            51,
            66,
            2,
            40,
            16,
            43,
            55,
            39,
            7,
            16,
            31,
            20,
            36,
            38,
            9
        ],
        [
            53,
            23,
            33,
            50,
            33,
            55,
            9,
            69,
            47,
            17,
            6,
            20,
            35,
            45,
            7,
            54,
            13,
            6,
            55,
            13,
            20
        ],
        [
            61,
            42,
            63,
            71,
            25,
            14,
            45,
            65,
            13,
            18,
            3,
            38,
            45,
            1,
            8,
            35,
            55,
            66,
            0,
            1,
            52
        ],
        [
            56,
            31,
            53,
            21,
            9,
            10,
            3,
            51,
            61,
            33,
            9,
            4,
            45,
            7,
            6,
            18,
            71,
            8,
            37,
            34,
            17
        ]
    ]
}