{
    "trial_id": "config_190_rep_0",
    "metrics": {
        "centroid_mean": 1386.4378662109375,
        "centroid_std": 334.93756103515625,
        "centroid_skewness": 0.4875439405441284,
        "flatness_mean": 0.0676414892077446,
        "flatness_std": 0.025333188474178314,
        "flatness_skewness": 0.3489319682121277,
        "flux_mean": 1071.0343017578125,
        "flux_std": 1952.7452392578125,
        "flux_skewness": 5.815390110015869
    },
    "markov_chains": [
        [
            1,
            39,
            32,
            32,
            8,
            7,
            29,
            40,
            1,
            24,
            10,
            28,
            35,
            19,
            4,
            11,
            16,
            11,
            21,
            27,
            6
        ],
        [
            27,
            14,
            19,
            29,
            19,
            35,
            5,
            43,
            30,
            12,
            5,
            16,
            24,
            27,
            7,
            31,
            7,
            2,
            33,
            9,
            12
        ],
        [
            38,
            29,
            37,
            44,
            16,
            8,
            28,
            41,
            10,
            11,
            2,
            28,
            30,
            1,
            4,
            23,
            31,
            41,
            0,
            1,
            30
        ],
        [
            21,
            21,
            37,
            13,
            5,
            7,
            2,
            34,
            36,
            22,
            7,
            1,
            24,
            6,
            3,
            15,
            44,
            5,
            22,
            19,
            9
        ]
    ]
}