{
    "trial_id": "config_70_rep_0",
    "metrics": {
        "centroid_mean": 470.832275390625,
        "centroid_std": 844.3256225585938,
        "centroid_skewness": 2.685516834259033,
        "flatness_mean": 0.025245608761906624,
        "flatness_std": 0.05130252614617348,
        "flatness_skewness": 5.109038829803467,
        "flux_mean": 239.33612060546875,
        "flux_std": 1195.616455078125,
        "flux_skewness": 8.607515335083008
    },
    "markov_chains": [
        [
            17,
            63,
            48,
            51,
            9,
            14,
            52,
            63,
            3,
            45,
            16,
            41,
            58,
            35,
            10,
            18,
            30,
            17,
            36,
            41,
            12
        ],
        [
            71,
            23,
            34,
            51,
            32,
            57,
            5,
            69,
            54,
            22,
            6,
            19,
            36,
            47,
            12,
            52,
            13,
            6,
            51,
            13,
            14
        ],
        [
            26,
            46,
            59,
            70,
            18,
            14,
            47,
            65,
            12,
            10,
            5,
            43,
            48,
            2,
            10,
            31,
            55,
            65,
            2,
            1,
            49
        ],
        [
            10,
            28,
            55,
            21,
            7,
            12,
            4,
            57,
            57,
            33,
            12,
            3,
            45,
            9,
            6,
            17,
            71,
            8,
            34,
            38,
            19
        ]
    ]
}