{
    "trial_id": "config_900_rep_0",
    "synthesis_params": {
        "densities": [
            1,
            90,
            900
        ],
        "grain_size": 4800,
        "grain_sizes": [
            4800,
            48,
            4800
        ],
        "config_seed": 45855,
        "seed_grain_sampling": 77394,
        "seed_state_sampling": 8925,
        "seed_grain_pos_sampling": 65456,
        "n_streams": 4,
        "window": "sinc_envelope",
        "n_clusters": 5,
        "n_iterations": 20,
        "delta_t_samples": 48000,
        "init_states": [
            37,
            40,
            28,
            42
        ],
        "n_states": 45
    },
    "metrics": {
        "centroid_mean": 1716.0592041015625,
        "centroid_std": 895.7137451171875,
        "centroid_skewness": 3.0539870262145996,
        "flatness_mean": 0.08945230394601822,
        "flatness_std": 0.07482821494340897,
        "flatness_skewness": 3.7204997539520264,
        "flux_mean": 963.80615234375,
        "flux_std": 2810.82177734375,
        "flux_skewness": 5.936441898345947
    },
    "markov_chains": [
        [
            37,
            41,
            29,
            32,
            5,
            9,
            30,
            38,
            2,
            29,
            10,
            25,
            33,
            20,
            5,
            10,
            20,
            12,
            24,
            27,
            5
        ],
        [
            40,
            13,
            20,
            29,
            18,
            31,
            3,
            44,
            34,
            14,
            4,
            17,
            17,
            23,
            6,
            32,
            8,
            3,
            32,
            7,
            8
        ],
        [
            28,
            29,
            37,
            44,
            16,
            9,
            25,
            39,
            11,
            10,
            3,
            24,
            34,
            1,
            3,
            17,
            29,
            41,
            0,
            0,
            29
        ],
        [
            42,
            19,
            34,
            14,
            5,
            7,
            2,
            35,
            34,
            25,
            5,
            3,
            24,
            9,
            2,
            12,
            44,
            3,
            21,
            22,
            13
        ]
    ]
}