{
    "trial_id": "config_700_rep_0",
    "synthesis_params": {
        "densities": [
            100,
            300,
            900
        ],
        "grain_size": 4800,
        "grain_sizes": [
            48,
            1920,
            4800
        ],
        "config_seed": 79923,
        "seed_grain_sampling": 77394,
        "seed_state_sampling": 8925,
        "seed_grain_pos_sampling": 65456,
        "n_streams": 1,
        "window": "sinc_envelope",
        "n_clusters": 3,
        "n_iterations": 20,
        "delta_t_samples": 48000,
        "init_states": [
            18
        ],
        "n_states": 27
    },
    "metrics": {
        "centroid_mean": 1961.836181640625,
        "centroid_std": 1206.6883544921875,
        "centroid_skewness": 2.2858498096466064,
        "flatness_mean": 0.10163592547178268,
        "flatness_std": 0.08917353302240372,
        "flatness_skewness": 2.7417662143707275,
        "flux_mean": 762.7698364257812,
        "flux_std": 3105.539794921875,
        "flux_skewness": 6.744311809539795
    },
    "markov_chains": [
        [
            18,
            22,
            17,
            19,
            2,
            4,
            18,
            22,
            1,
            14,
            5,
            12,
            21,
            15,
            1,
            4,
            8,
            7,
            15,
            12,
            2
        ]
    ]
}