{
    "trial_id": "config_200_rep_0",
    "synthesis_params": {
        "densities": [
            10,
            10,
            10
        ],
        "grain_size": 4800,
        "grain_sizes": [
            1920,
            1920,
            1920
        ],
        "config_seed": 78605,
        "seed_grain_sampling": 77394,
        "seed_state_sampling": 8925,
        "seed_grain_pos_sampling": 65456,
        "n_streams": 1,
        "window": "rexpodec",
        "n_clusters": 3,
        "n_iterations": 20,
        "delta_t_samples": 48000,
        "init_states": [
            17
        ],
        "n_states": 27
    },
    "metrics": {
        "centroid_mean": 1130.1876220703125,
        "centroid_std": 1256.27392578125,
        "centroid_skewness": 1.4808835983276367,
        "flatness_mean": 0.08953632414340973,
        "flatness_std": 0.12321345508098602,
        "flatness_skewness": 2.2589423656463623,
        "flux_mean": 496.71136474609375,
        "flux_std": 2536.243408203125,
        "flux_skewness": 8.374621391296387
    },
    "markov_chains": [
        [
            17,
            24,
            19,
            19,
            3,
            6,
            16,
            23,
            1,
            16,
            4,
            13,
            20,
            12,
            2,
            5,
            11,
            8,
            13,
            12,
            3
        ]
    ]
}