{
    "trial_id": "config_600_rep_0",
    "synthesis_params": {
        "densities": [
            30,
            90,
            100
        ],
        "grain_size": 4800,
        "grain_sizes": [
            4800,
            4800,
            4800
        ],
        "config_seed": 63955,
        "seed_grain_sampling": 77394,
        "seed_state_sampling": 8925,
        "seed_grain_pos_sampling": 65456,
        "n_streams": 4,
        "window": "hanning",
        "n_clusters": 2,
        "n_iterations": 20,
        "delta_t_samples": 48000,
        "init_states": [
            16,
            9,
            3,
            4
        ],
        "n_states": 18
    },
    "metrics": {
        "centroid_mean": 1352.14453125,
        "centroid_std": 329.0425720214844,
        "centroid_skewness": 0.4581882357597351,
        "flatness_mean": 0.06554406136274338,
        "flatness_std": 0.02443758025765419,
        "flatness_skewness": 0.3855782449245453,
        "flux_mean": 849.7124633789062,
        "flux_std": 1610.58935546875,
        "flux_skewness": 6.591174602508545
    },
    "markov_chains": [
        [
            16,
            17,
            14,
            13,
            1,
            5,
            14,
            16,
            0,
            9,
            3,
            11,
            13,
            7,
            1,
            5,
            9,
            4,
            10,
            9,
            2
        ],
        [
            9,
            4,
            7,
            11,
            8,
            15,
            1,
            17,
            15,
            4,
            0,
            6,
            11,
            11,
            3,
            14,
            2,
            2,
            11,
            3,
            3
        ],
        [
            3,
            13,
            13,
            17,
            6,
            2,
            10,
            16,
            3,
            2,
            1,
            9,
            11,
            1,
            2,
            8,
            14,
            17,
            0,
            0,
            10
        ],
        [
            4,
            7,
            11,
            5,
            4,
            1,
            1,
            13,
            13,
            8,
            2,
            1,
            9,
            2,
            2,
            6,
            17,
            0,
            8,
            8,
            5
        ]
    ]
}