{
    "trial_id": "config_300_rep_0",
    "synthesis_params": {
        "densities": [
            1,
            3,
            9
        ],
        "grain_size": 4800,
        "grain_sizes": [
            1920,
            1920,
            1920
        ],
        "config_seed": 78605,
        "seed_grain_sampling": 77394,
        "seed_state_sampling": 8925,
        "seed_grain_pos_sampling": 65456,
        "n_streams": 1,
        "window": "rexpodec",
        "n_clusters": 2,
        "n_iterations": 20,
        "delta_t_samples": 48000,
        "init_states": [
            11
        ],
        "n_states": 18
    },
    "metrics": {
        "centroid_mean": 728.8958740234375,
        "centroid_std": 1626.9644775390625,
        "centroid_skewness": 2.2094566822052,
        "flatness_mean": 0.0432748943567276,
        "flatness_std": 0.1061040535569191,
        "flatness_skewness": 2.8609700202941895,
        "flux_mean": 88.57732391357422,
        "flux_std": 614.9575805664062,
        "flux_skewness": 18.821252822875977
    },
    "markov_chains": [
        [
            11,
            14,
            13,
            10,
            1,
            2,
            14,
            16,
            0,
            10,
            5,
            10,
            13,
            7,
            3,
            4,
            7,
            5,
            10,
            9,
            2
        ]
    ]
}