{
    "trial_id": "config_850_rep_0",
    "synthesis_params": {
        "densities": [
            10,
            30,
            90
        ],
        "grain_size": 4800,
        "grain_sizes": [
            4800,
            48,
            4800
        ],
        "config_seed": 69811,
        "seed_grain_sampling": 77394,
        "seed_state_sampling": 8925,
        "seed_grain_pos_sampling": 65456,
        "n_streams": 1,
        "window": "hanning",
        "n_clusters": 3,
        "n_iterations": 20,
        "delta_t_samples": 48000,
        "init_states": [
            13
        ],
        "n_states": 27
    },
    "metrics": {
        "centroid_mean": 2643.758056640625,
        "centroid_std": 1505.9234619140625,
        "centroid_skewness": 0.15309998393058777,
        "flatness_mean": 0.09843340516090393,
        "flatness_std": 0.06365489959716797,
        "flatness_skewness": 0.8655770421028137,
        "flux_mean": 1441.385986328125,
        "flux_std": 2475.76806640625,
        "flux_skewness": 3.944162130355835
    },
    "markov_chains": [
        [
            13,
            23,
            17,
            21,
            3,
            5,
            18,
            25,
            0,
            14,
            5,
            15,
            22,
            12,
            2,
            6,
            12,
            7,
            16,
            15,
            5
        ]
    ]
}