{
    "trial_id": "config_800_rep_0",
    "synthesis_params": {
        "densities": [
            1,
            90,
            900
        ],
        "grain_size": 4800,
        "grain_sizes": [
            48,
            48,
            48
        ],
        "config_seed": 83688,
        "seed_grain_sampling": 77394,
        "seed_state_sampling": 8925,
        "seed_grain_pos_sampling": 65456,
        "n_streams": 2,
        "window": "hanning",
        "n_clusters": 3,
        "n_iterations": 20,
        "delta_t_samples": 48000,
        "init_states": [
            22,
            2
        ],
        "n_states": 27
    },
    "metrics": {
        "centroid_mean": 4310.35791015625,
        "centroid_std": 2681.09521484375,
        "centroid_skewness": 0.3611792027950287,
        "flatness_mean": 0.19128267467021942,
        "flatness_std": 0.12649326026439667,
        "flatness_skewness": 0.2694281041622162,
        "flux_mean": 853.7236938476562,
        "flux_std": 1464.3795166015625,
        "flux_skewness": 3.0254125595092773
    },
    "markov_chains": [
        [
            22,
            23,
            20,
            15,
            2,
            5,
            20,
            23,
            2,
            17,
            7,
            15,
            20,
            11,
            3,
            6,
            11,
            8,
            10,
            15,
            4
        ],
        [
            2,
            8,
            8,
            17,
            12,
            20,
            3,
            26,
            18,
            9,
            1,
            9,
            13,
            15,
            4,
            19,
            7,
            2,
            21,
            5,
            6
        ]
    ]
}