{
    "trial_id": "config_650_rep_0",
    "synthesis_params": {
        "densities": [
            10,
            10,
            10
        ],
        "grain_size": 4800,
        "grain_sizes": [
            1920,
            1920,
            1920
        ],
        "config_seed": 69479,
        "seed_grain_sampling": 77394,
        "seed_state_sampling": 8925,
        "seed_grain_pos_sampling": 65456,
        "n_streams": 16,
        "window": "hanning",
        "n_clusters": 3,
        "n_iterations": 20,
        "delta_t_samples": 48000,
        "init_states": [
            8,
            9,
            13,
            0,
            21,
            10,
            19,
            4,
            0,
            25,
            22,
            5,
            11,
            19,
            3,
            17
        ],
        "n_states": 27
    },
    "metrics": {
        "centroid_mean": 3500.145751953125,
        "centroid_std": 937.3991088867188,
        "centroid_skewness": 0.48426446318626404,
        "flatness_mean": 0.120689257979393,
        "flatness_std": 0.03434400632977486,
        "flatness_skewness": 0.529754638671875,
        "flux_mean": 2595.44921875,
        "flux_std": 3794.15771484375,
        "flux_skewness": 5.139261722564697
    },
    "markov_chains": [
        [
            8,
            25,
            15,
            19,
            2,
            4,
            15,
            25,
            0,
            14,
            6,
            12,
            21,
            12,
            3,
            5,
            11,
            6,
            11,
            10,
            3
        ],
        [
            9,
            8,
            10,
            19,
            12,
            21,
            3,
            25,
            18,
            5,
            1,
            6,
            11,
            15,
            4,
            18,
            3,
            2,
            19,
            5,
            7
        ],
        [
            13,
            14,
            22,
            26,
            10,
            4,
            13,
            25,
            4,
            4,
            1,
            11,
            17,
            0,
            4,
            10,
            21,
            22,
            1,
            0,
            18
        ],
        [
            0,
            11,
            18,
            5,
            4,
            3,
            2,
            19,
            21,
            14,
            4,
            1,
            11,
            4,
            2,
            6,
            26,
            5,
            14,
            14,
            7
        ],
        [
            21,
            0,
            4,
            14,
            24,
            23,
            7,
            8,
            15,
            0,
            0,
            6,
            18,
            21,
            11,
            19,
            13,
            13,
            1,
            4,
            14
        ],
        [
            10,
            26,
            22,
            2,
            12,
            3,
            12,
            8,
            26,
            7,
            25,
            3,
            3,
            5,
            10,
            16,
            11,
            0,
            22,
            6,
            21
        ],
        [
            19,
            7,
            18,
            24,
            22,
            19,
            12,
            15,
            19,
            25,
            12,
            14,
            8,
            2,
            7,
            18,
            12,
            2,
            7,
            14,
            21
        ],
        [
            4,
            2,
            9,
            26,
            3,
            11,
            8,
            11,
            16,
            14,
            10,
            0,
            12,
            12,
            23,
            24,
            21,
            8,
            9,
            26,
            16
        ],
        [
            0,
            21,
            18,
            25,
            6,
            0,
            20,
            18,
            5,
            14,
            8,
            19,
            3,
            4,
            12,
            14,
            15,
            17,
            7,
            15,
            10
        ],
        [
            25,
            14,
            10,
            6,
            14,
            8,
            26,
            5,
            5,
            17,
            2,
            9,
            4,
            1,
            3,
            15,
            18,
            6,
            13,
            11,
            10
        ],
        [
            22,
            13,
            1,
            5,
            5,
            22,
            19,
            24,
            10,
            23,
            6,
            9,
            0,
            7,
            16,
            26,
            12,
            2,
            7,
            18,
            8
        ],
        [
            5,
            1,
            13,
            17,
            23,
            19,
            20,
            16,
            7,
            16,
            10,
            16,
            7,
            3,
            16,
            22,
            21,
            10,
            3,
            10,
            16
        ],
        [
            11,
            2,
            18,
            26,
            5,
            5,
            17,
            10,
            19,
            7,
            26,
            11,
            15,
            3,
            15,
            14,
            22,
            21,
            5,
            8,
            10
        ],
        [
            19,
            19,
            13,
            9,
            7,
            13,
            9,
            7,
            18,
            3,
            24,
            15,
            20,
            15,
            15,
            14,
            8,
            20,
            9,
            18,
            12
        ],
        [
            3,
            5,
            14,
            6,
            23,
            15,
            4,
            10,
            24,
            21,
            19,
            21,
            9,
            0,
            9,
            22,
            22,
            9,
            20,
            11,
            19
        ],
        [
            17,
            14,
            18,
            2,
            9,
            4,
            4,
            7,
            22,
            12,
            8,
            1,
            1,
            11,
            4,
            2,
            12,
            7,
            14,
            26,
            18
        ]
    ]
}