{
    "trial_id": "config_550_rep_0",
    "synthesis_params": {
        "densities": [
            100,
            300,
            900
        ],
        "grain_size": 4800,
        "grain_sizes": [
            48,
            48,
            48
        ],
        "config_seed": 78605,
        "seed_grain_sampling": 77394,
        "seed_state_sampling": 8925,
        "seed_grain_pos_sampling": 65456,
        "n_streams": 16,
        "window": "expodec",
        "n_clusters": 8,
        "n_iterations": 20,
        "delta_t_samples": 48000,
        "init_states": [
            45,
            8,
            67,
            37,
            60,
            53,
            8,
            16,
            67,
            4,
            30,
            67,
            27,
            52,
            17,
            39
        ],
        "n_states": 72
    },
    "metrics": {
        "centroid_mean": 5763.00439453125,
        "centroid_std": 526.188232421875,
        "centroid_skewness": -0.07577573508024216,
        "flatness_mean": 0.5137041807174683,
        "flatness_std": 0.04267217963933945,
        "flatness_skewness": -0.8546302914619446,
        "flux_mean": 1738.8321533203125,
        "flux_std": 1856.91650390625,
        "flux_skewness": 2.8677122592926025
    },
    "markov_chains": [
        [
            45,
            67,
            49,
            45,
            10,
            14,
            49,
            62,
            6,
            38,
            15,
            41,
            57,
            33,
            7,
            19,
            24,
            21,
            33,
            34,
            8
        ],
        [
            8,
            21,
            27,
            46,
            34,
            51,
            10,
            70,
            53,
            23,
            5,
            28,
            37,
            45,
            12,
            54,
            14,
            7,
            54,
            14,
            16
        ],
        [
            67,
            47,
            60,
            70,
            24,
            17,
            43,
            65,
            13,
            17,
            3,
            42,
            50,
            6,
            8,
            30,
            55,
            65,
            0,
            2,
            47
        ],
        [
            37,
            29,
            51,
            22,
            10,
            8,
            6,
            52,
            61,
            35,
            10,
            3,
            44,
            13,
            8,
            19,
            71,
            5,
            39,
            35,
            19
        ],
        [
            60,
            0,
            10,
            46,
            65,
            58,
            19,
            22,
            37,
            2,
            2,
            14,
            51,
            55,
            34,
            55,
            34,
            41,
            6,
            12,
            48
        ],
        [
            53,
            70,
            57,
            3,
            37,
            9,
            32,
            19,
            66,
            17,
            64,
            9,
            12,
            20,
            25,
            41,
            30,
            1,
            59,
            19,
            56
        ],
        [
            8,
            17,
            43,
            60,
            55,
            53,
            30,
            42,
            53,
            69,
            43,
            32,
            18,
            11,
            29,
            42,
            41,
            4,
            28,
            36,
            54
        ],
        [
            16,
            5,
            36,
            70,
            5,
            35,
            30,
            37,
            46,
            44,
            33,
            2,
            31,
            32,
            59,
            65,
            49,
            19,
            24,
            70,
            40
        ],
        [
            67,
            56,
            53,
            66,
            21,
            0,
            54,
            52,
            16,
            37,
            22,
            48,
            11,
            17,
            41,
            33,
            35,
            46,
            20,
            40,
            28
        ],
        [
            4,
            50,
            26,
            22,
            46,
            19,
            66,
            9,
            14,
            43,
            8,
            31,
            15,
            5,
            10,
            37,
            49,
            18,
            45,
            36,
            34
        ],
        [
            30,
            40,
            8,
            18,
            11,
            57,
            51,
            65,
            24,
            61,
            16,
            29,
            6,
            14,
            41,
            71,
            28,
            5,
            28,
            43,
            23
        ],
        [
            67,
            4,
            50,
            54,
            63,
            53,
            54,
            41,
            23,
            41,
            28,
            42,
            21,
            11,
            49,
            54,
            61,
            27,
            9,
            24,
            42
        ],
        [
            27,
            7,
            52,
            71,
            5,
            12,
            47,
            29,
            46,
            18,
            71,
            24,
            45,
            11,
            43,
            34,
            56,
            56,
            19,
            19,
            27
        ],
        [
            52,
            52,
            34,
            29,
            21,
            28,
            32,
            19,
            42,
            13,
            67,
            37,
            53,
            43,
            41,
            33,
            23,
            51,
            26,
            40,
            37
        ],
        [
            17,
            17,
            34,
            14,
            64,
            42,
            12,
            34,
            62,
            55,
            54,
            62,
            27,
            3,
            21,
            57,
            60,
            23,
            49,
            23,
            58
        ],
        [
            39,
            37,
            44,
            13,
            32,
            14,
            15,
            24,
            56,
            36,
            18,
            9,
            9,
            38,
            12,
            8,
            34,
            16,
            37,
            69,
            44
        ]
    ]
}