{
    "trial_id": "config_750_rep_0",
    "synthesis_params": {
        "densities": [
            30,
            90,
            100
        ],
        "grain_size": 4800,
        "grain_sizes": [
            48,
            48,
            48
        ],
        "config_seed": 78029,
        "seed_grain_sampling": 77394,
        "seed_state_sampling": 8925,
        "seed_grain_pos_sampling": 65456,
        "n_streams": 1,
        "window": "hanning",
        "n_clusters": 8,
        "n_iterations": 20,
        "delta_t_samples": 48000,
        "init_states": [
            63
        ],
        "n_states": 72
    },
    "metrics": {
        "centroid_mean": 3873.357177734375,
        "centroid_std": 2626.4814453125,
        "centroid_skewness": 0.47645869851112366,
        "flatness_mean": 0.18157851696014404,
        "flatness_std": 0.11918500065803528,
        "flatness_skewness": 0.2195603996515274,
        "flux_mean": 174.63619995117188,
        "flux_std": 611.4094848632812,
        "flux_skewness": 6.16097354888916
    },
    "markov_chains": [
        [
            63,
            65,
            47,
            51,
            9,
            12,
            50,
            66,
            4,
            42,
            16,
            42,
            56,
            37,
            6,
            16,
            33,
            16,
            40,
            36,
            12
        ]
    ]
}