{
    "trial_id": "config_950_rep_0",
    "synthesis_params": {
        "densities": [
            10,
            30,
            90
        ],
        "grain_size": 4800,
        "grain_sizes": [
            1920,
            1920,
            1920
        ],
        "config_seed": 58830,
        "seed_grain_sampling": 77394,
        "seed_state_sampling": 8925,
        "seed_grain_pos_sampling": 65456,
        "n_streams": 16,
        "window": "rexpodec",
        "n_clusters": 3,
        "n_iterations": 20,
        "delta_t_samples": 48000,
        "init_states": [
            13,
            10,
            12,
            14,
            22,
            17,
            3,
            0,
            2,
            23,
            5,
            18,
            14,
            7,
            13,
            16
        ],
        "n_states": 27
    },
    "metrics": {
        "centroid_mean": 3833.65673828125,
        "centroid_std": 608.0348510742188,
        "centroid_skewness": 0.14207738637924194,
        "flatness_mean": 0.2874508202075958,
        "flatness_std": 0.04286336898803711,
        "flatness_skewness": 0.13973839581012726,
        "flux_mean": 3258.56787109375,
        "flux_std": 3474.621826171875,
        "flux_skewness": 4.170811653137207
    },
    "markov_chains": [
        [
            13,
            25,
            18,
            20,
            1,
            7,
            18,
            24,
            1,
            17,
            5,
            11,
            20,
            11,
            1,
            8,
            9,
            6,
            12,
            12,
            2
        ],
        [
            10,
            9,
            11,
            18,
            15,
            21,
            2,
            26,
            22,
            8,
            3,
            9,
            12,
            15,
            6,
            17,
            4,
            2,
            21,
            5,
            4
        ],
        [
            12,
            16,
            23,
            26,
            13,
            4,
            13,
            25,
            2,
            7,
            0,
            17,
            20,
            0,
            4,
            9,
            19,
            23,
            0,
            1,
            21
        ],
        [
            14,
            11,
            20,
            6,
            2,
            5,
            1,
            22,
            23,
            14,
            3,
            4,
            12,
            2,
            1,
            10,
            26,
            4,
            10,
            12,
            4
        ],
        [
            22,
            0,
            4,
            15,
            24,
            22,
            8,
            8,
            16,
            1,
            0,
            7,
            18,
            21,
            12,
            20,
            11,
            17,
            3,
            6,
            15
        ],
        [
            17,
            26,
            23,
            1,
            15,
            5,
            9,
            6,
            24,
            4,
            24,
            1,
            4,
            6,
            6,
            13,
            10,
            1,
            23,
            8,
            22
        ],
        [
            3,
            8,
            17,
            23,
            22,
            20,
            8,
            16,
            20,
            25,
            16,
            12,
            6,
            2,
            12,
            15,
            17,
            1,
            10,
            12,
            20
        ],
        [
            0,
            2,
            14,
            26,
            2,
            13,
            8,
            13,
            14,
            17,
            10,
            1,
            15,
            15,
            23,
            25,
            19,
            9,
            10,
            26,
            17
        ],
        [
            2,
            22,
            20,
            24,
            5,
            0,
            20,
            17,
            6,
            12,
            6,
            15,
            5,
            3,
            14,
            15,
            17,
            17,
            7,
            12,
            9
        ],
        [
            23,
            18,
            14,
            9,
            16,
            8,
            26,
            6,
            4,
            14,
            3,
            13,
            4,
            1,
            5,
            11,
            18,
            13,
            13,
            10,
            12
        ],
        [
            5,
            11,
            2,
            10,
            4,
            19,
            18,
            24,
            8,
            24,
            5,
            8,
            2,
            7,
            14,
            26,
            14,
            2,
            11,
            17,
            9
        ],
        [
            18,
            0,
            18,
            21,
            24,
            16,
            20,
            14,
            9,
            15,
            14,
            17,
            6,
            2,
            17,
            22,
            24,
            9,
            4,
            7,
            13
        ],
        [
            14,
            2,
            19,
            26,
            5,
            3,
            16,
            10,
            19,
            7,
            26,
            13,
            14,
            3,
            14,
            15,
            23,
            22,
            8,
            6,
            9
        ],
        [
            7,
            17,
            13,
            8,
            7,
            11,
            10,
            8,
            18,
            6,
            24,
            11,
            19,
            13,
            12,
            11,
            6,
            16,
            10,
            13,
            12
        ],
        [
            13,
            5,
            10,
            6,
            22,
            14,
            4,
            9,
            24,
            18,
            21,
            24,
            8,
            1,
            10,
            22,
            24,
            8,
            19,
            11,
            20
        ],
        [
            16,
            13,
            14,
            4,
            9,
            5,
            3,
            8,
            22,
            14,
            8,
            3,
            5,
            12,
            3,
            5,
            11,
            5,
            10,
            26,
            18
        ]
    ]
}