{
    "trial_id": "config_400_rep_0",
    "synthesis_params": {
        "densities": [
            100,
            300,
            900
        ],
        "grain_size": 4800,
        "grain_sizes": [
            48,
            48,
            48
        ],
        "config_seed": 78605,
        "seed_grain_sampling": 77394,
        "seed_state_sampling": 8925,
        "seed_grain_pos_sampling": 65456,
        "n_streams": 1,
        "window": "expodec",
        "n_clusters": 8,
        "n_iterations": 20,
        "delta_t_samples": 48000,
        "init_states": [
            45
        ],
        "n_states": 72
    },
    "metrics": {
        "centroid_mean": 5379.185546875,
        "centroid_std": 1686.211669921875,
        "centroid_skewness": -1.171628713607788,
        "flatness_mean": 0.4454904794692993,
        "flatness_std": 0.12905380129814148,
        "flatness_skewness": -1.8452292680740356,
        "flux_mean": 639.9317626953125,
        "flux_std": 1068.744873046875,
        "flux_skewness": 2.5289225578308105
    },
    "markov_chains": [
        [
            45,
            67,
            49,
            45,
            10,
            14,
            49,
            62,
            6,
            38,
            15,
            41,
            57,
            33,
            7,
            19,
            24,
            21,
            33,
            34,
            8
        ]
    ]
}