{
    "trial_id": "config_200_rep_0",
    "synthesis_params": {
        "densities": [
            10,
            10,
            10
        ],
        "grain_size": 4800,
        "grain_sizes": [
            1920,
            1920,
            1920
        ],
        "config_seed": 78605,
        "seed_grain_sampling": 77394,
        "seed_state_sampling": 8925,
        "seed_grain_pos_sampling": 65456,
        "n_streams": 1,
        "window": "rexpodec",
        "n_clusters": 3,
        "n_iterations": 20,
        "delta_t_samples": 48000,
        "init_states": [
            17
        ],
        "n_states": 27
    },
    "metrics": {
        "centroid_mean": 1834.997802734375,
        "centroid_std": 2098.658203125,
        "centroid_skewness": 0.9005736112594604,
        "flatness_mean": 0.1076383963227272,
        "flatness_std": 0.1431424468755722,
        "flatness_skewness": 1.6330286264419556,
        "flux_mean": 1281.6060791015625,
        "flux_std": 2873.630615234375,
        "flux_skewness": 4.579049110412598
    },
    "markov_chains": [
        [
            17,
            24,
            19,
            19,
            3,
            6,
            16,
            23,
            1,
            16,
            4,
            13,
            20,
            12,
            2,
            5,
            11,
            8,
            13,
            12,
            3
        ]
    ]
}