{
    "trial_id": "config_83_rep_1",
    "synthesis_params": {
        "densities": [
            1,
            1,
            1
        ],
        "grain_size": 4800,
        "grain_sizes": [
            48,
            1920,
            4800
        ],
        "config_seed": 84168,
        "seed_grain_sampling": 43301,
        "seed_state_sampling": 43887,
        "seed_grain_pos_sampling": 85858,
        "n_streams": 4,
        "window": "hanning",
        "n_clusters": 8,
        "n_iterations": 20,
        "delta_t_samples": 48000,
        "init_states": [
            67,
            3,
            59,
            50
        ],
        "n_states": 72
    },
    "metrics": {
        "centroid_mean": 436.5321044921875,
        "centroid_std": 877.8800048828125,
        "centroid_skewness": 3.1030282974243164,
        "flatness_mean": 0.020416412502527237,
        "flatness_std": 0.04978283867239952,
        "flatness_skewness": 6.639404773712158,
        "flux_mean": 596.0157470703125,
        "flux_std": 2784.6552734375,
        "flux_skewness": 7.490362167358398
    },
    "markov_chains": [
        [
            67,
            26,
            22,
            5,
            46,
            23,
            48,
            15,
            61,
            12,
            67,
            28,
            26,
            28,
            34,
            42,
            62,
            34,
            57,
            52,
            46
        ],
        [
            3,
            52,
            57,
            41,
            39,
            31,
            1,
            28,
            37,
            8,
            24,
            54,
            18,
            30,
            9,
            57,
            52,
            57,
            22,
            10,
            10
        ],
        [
            59,
            70,
            11,
            11,
            66,
            69,
            34,
            66,
            41,
            3,
            53,
            48,
            45,
            3,
            34,
            35,
            25,
            5,
            2,
            59,
            38
        ],
        [
            50,
            23,
            71,
            37,
            12,
            35,
            16,
            63,
            37,
            21,
            63,
            45,
            17,
            64,
            36,
            16,
            20,
            58,
            58,
            28,
            2
        ]
    ]
}