{
    "trial_id": "config_116_rep_2",
    "synthesis_params": {
        "densities": [
            30,
            90,
            100
        ],
        "grain_size": 4800,
        "grain_sizes": [
            48,
            48,
            48
        ],
        "config_seed": 9417,
        "seed_grain_sampling": 69736,
        "seed_state_sampling": 8594,
        "seed_grain_pos_sampling": 20146,
        "n_streams": 4,
        "window": "hanning",
        "n_clusters": 3,
        "n_iterations": 20,
        "delta_t_samples": 48000,
        "init_states": [
            0,
            16,
            23,
            13
        ],
        "n_states": 27
    },
    "metrics": {
        "centroid_mean": 1774.405029296875,
        "centroid_std": 523.5892333984375,
        "centroid_skewness": 0.5208751559257507,
        "flatness_mean": 0.07709845155477524,
        "flatness_std": 0.03243548423051834,
        "flatness_skewness": 0.28347983956336975,
        "flux_mean": 522.1719970703125,
        "flux_std": 935.9287719726562,
        "flux_skewness": 4.529879570007324
    },
    "markov_chains": [
        [
            0,
            12,
            26,
            24,
            16,
            20,
            22,
            9,
            4,
            6,
            4,
            11,
            7,
            5,
            2,
            9,
            13,
            8,
            21,
            1,
            4
        ],
        [
            16,
            17,
            6,
            5,
            19,
            3,
            22,
            8,
            23,
            19,
            24,
            11,
            26,
            24,
            14,
            22,
            20,
            9,
            23,
            5,
            14
        ],
        [
            23,
            26,
            24,
            16,
            10,
            12,
            18,
            18,
            21,
            25,
            9,
            6,
            22,
            21,
            26,
            24,
            8,
            3,
            1,
            21,
            22
        ],
        [
            13,
            15,
            19,
            8,
            4,
            12,
            7,
            25,
            3,
            11,
            23,
            2,
            3,
            5,
            7,
            23,
            3,
            10,
            24,
            19,
            24
        ]
    ]
}