{
    "trial_id": "config_333_rep_1",
    "synthesis_params": {
        "densities": [
            1,
            1,
            1
        ],
        "grain_size": 4800,
        "grain_sizes": [
            48,
            1920,
            4800
        ],
        "config_seed": 62185,
        "seed_grain_sampling": 43301,
        "seed_state_sampling": 43887,
        "seed_grain_pos_sampling": 85858,
        "n_streams": 1,
        "window": "hanning",
        "n_clusters": 8,
        "n_iterations": 20,
        "delta_t_samples": 48000,
        "init_states": [
            1
        ],
        "n_states": 72
    },
    "metrics": {
        "centroid_mean": 166.88815307617188,
        "centroid_std": 554.2520141601562,
        "centroid_skewness": 3.6411828994750977,
        "flatness_mean": 0.007643358316272497,
        "flatness_std": 0.027300631627440453,
        "flatness_skewness": 4.863505840301514,
        "flux_mean": 149.0919647216797,
        "flux_std": 1563.6888427734375,
        "flux_skewness": 18.813631057739258
    },
    "markov_chains": [
        [
            1,
            22,
            23,
            6,
            39,
            26,
            50,
            11,
            60,
            14,
            68,
            27,
            26,
            29,
            28,
            44,
            58,
            33,
            57,
            52,
            39
        ]
    ]
}