{
    "trial_id": "config_483_rep_1",
    "synthesis_params": {
        "densities": [
            30,
            90,
            100
        ],
        "grain_size": 4800,
        "grain_sizes": [
            48,
            48,
            48
        ],
        "config_seed": 75334,
        "seed_grain_sampling": 43301,
        "seed_state_sampling": 43887,
        "seed_grain_pos_sampling": 85858,
        "n_streams": 2,
        "window": "hanning",
        "n_clusters": 2,
        "n_iterations": 20,
        "delta_t_samples": 48000,
        "init_states": [
            17,
            0
        ],
        "n_states": 18
    },
    "metrics": {
        "centroid_mean": 1360.2171630859375,
        "centroid_std": 462.9385986328125,
        "centroid_skewness": 0.9112406373023987,
        "flatness_mean": 0.052003487944602966,
        "flatness_std": 0.03453616797924042,
        "flatness_skewness": 1.1535823345184326,
        "flux_mean": 133.8265838623047,
        "flux_std": 386.7134094238281,
        "flux_skewness": 9.31935977935791
    },
    "markov_chains": [
        [
            17,
            6,
            7,
            1,
            12,
            5,
            14,
            2,
            15,
            3,
            16,
            7,
            4,
            7,
            7,
            10,
            16,
            8,
            13,
            14,
            8
        ],
        [
            0,
            13,
            14,
            8,
            8,
            8,
            0,
            9,
            8,
            3,
            5,
            14,
            3,
            5,
            1,
            14,
            11,
            13,
            6,
            3,
            2
        ]
    ]
}