{
    "trial_id": "config_300_rep_0",
    "synthesis_params": {
        "densities": [
            10,
            30,
            90
        ],
        "grain_size": 4800,
        "grain_sizes": [
            4800,
            48,
            4800
        ],
        "config_seed": 10857,
        "seed_grain_sampling": 77394,
        "seed_state_sampling": 8925,
        "seed_grain_pos_sampling": 65456,
        "n_streams": 16,
        "window": "hanning",
        "n_clusters": 8,
        "n_iterations": 20,
        "delta_t_samples": 48000,
        "init_states": [
            27,
            71,
            58,
            34,
            62,
            47,
            48,
            43,
            55,
            33,
            46,
            69,
            21,
            7,
            6,
            34
        ],
        "n_states": 72
    },
    "metrics": {
        "centroid_mean": 1714.0980224609375,
        "centroid_std": 590.9725952148438,
        "centroid_skewness": 1.001214623451233,
        "flatness_mean": 0.07010503858327866,
        "flatness_std": 0.0249954666942358,
        "flatness_skewness": 1.1910343170166016,
        "flux_mean": 2251.3046875,
        "flux_std": 2334.275146484375,
        "flux_skewness": 4.67743444442749
    },
    "markov_chains": [
        [
            27,
            67,
            49,
            56,
            5,
            12,
            48,
            60,
            3,
            43,
            15,
            41,
            54,
            36,
            6,
            14,
            29,
            19,
            37,
            38,
            9
        ],
        [
            71,
            21,
            31,
            50,
            30,
            52,
            5,
            69,
            55,
            18,
            4,
            26,
            39,
            41,
            11,
            55,
            11,
            3,
            52,
            10,
            15
        ],
        [
            58,
            43,
            62,
            70,
            22,
            11,
            44,
            64,
            10,
            13,
            2,
            44,
            48,
            1,
            10,
            29,
            56,
            62,
            2,
            3,
            49
        ],
        [
            34,
            31,
            56,
            19,
            8,
            8,
            3,
            54,
            56,
            34,
            15,
            5,
            38,
            8,
            4,
            22,
            71,
            6,
            39,
            31,
            17
        ],
        [
            62,
            0,
            8,
            45,
            63,
            58,
            19,
            24,
            39,
            1,
            2,
            16,
            48,
            53,
            31,
            58,
            32,
            40,
            7,
            16,
            44
        ],
        [
            47,
            68,
            57,
            5,
            32,
            7,
            36,
            22,
            67,
            14,
            64,
            5,
            8,
            14,
            25,
            46,
            28,
            3,
            58,
            19,
            56
        ],
        [
            48,
            20,
            45,
            59,
            59,
            55,
            26,
            42,
            50,
            67,
            41,
            32,
            21,
            11,
            26,
            45,
            39,
            3,
            25,
            42,
            53
        ],
        [
            43,
            9,
            32,
            71,
            5,
            26,
            33,
            32,
            44,
            40,
            32,
            3,
            35,
            33,
            60,
            67,
            51,
            26,
            29,
            70,
            37
        ],
        [
            55,
            52,
            52,
            62,
            23,
            1,
            51,
            50,
            18,
            36,
            22,
            51,
            10,
            13,
            43,
            42,
            36,
            44,
            21,
            39,
            25
        ],
        [
            33,
            44,
            26,
            23,
            45,
            20,
            69,
            6,
            11,
            47,
            9,
            34,
            22,
            3,
            10,
            37,
            50,
            24,
            41,
            32,
            34
        ],
        [
            46,
            37,
            9,
            20,
            13,
            57,
            53,
            66,
            26,
            61,
            16,
            25,
            6,
            14,
            42,
            69,
            29,
            3,
            26,
            45,
            27
        ],
        [
            69,
            4,
            50,
            56,
            60,
            51,
            50,
            38,
            23,
            41,
            28,
            45,
            19,
            11,
            47,
            56,
            57,
            29,
            11,
            23,
            42
        ],
        [
            21,
            10,
            50,
            71,
            7,
            14,
            44,
            28,
            54,
            18,
            71,
            24,
            44,
            6,
            44,
            32,
            56,
            55,
            16,
            18,
            32
        ],
        [
            7,
            51,
            33,
            29,
            21,
            32,
            32,
            22,
            45,
            14,
            65,
            37,
            53,
            36,
            40,
            40,
            27,
            52,
            23,
            41,
            34
        ],
        [
            6,
            17,
            35,
            16,
            63,
            38,
            11,
            33,
            65,
            55,
            50,
            64,
            21,
            4,
            25,
            63,
            61,
            24,
            47,
            32,
            55
        ],
        [
            34,
            42,
            43,
            12,
            32,
            16,
            12,
            23,
            56,
            35,
            22,
            6,
            5,
            35,
            15,
            8,
            34,
            24,
            35,
            70,
            43
        ]
    ]
}