{
    "trial_id": "config_200_rep_0",
    "synthesis_params": {
        "densities": [
            1,
            1,
            1
        ],
        "grain_size": 4800,
        "grain_sizes": [
            48,
            1920,
            4800
        ],
        "config_seed": 9417,
        "seed_grain_sampling": 77394,
        "seed_state_sampling": 8925,
        "seed_grain_pos_sampling": 65456,
        "n_streams": 16,
        "window": "rev_exp",
        "n_clusters": 8,
        "n_iterations": 20,
        "delta_t_samples": 48000,
        "init_states": [
            2,
            44,
            62,
            34,
            16,
            2,
            62,
            37,
            11,
            53,
            7,
            37,
            23,
            5,
            28,
            12
        ],
        "n_states": 72
    },
    "metrics": {
        "centroid_mean": 1863.182373046875,
        "centroid_std": 1696.7576904296875,
        "centroid_skewness": 0.9871458411216736,
        "flatness_mean": 0.1597009003162384,
        "flatness_std": 0.18406669795513153,
        "flatness_skewness": 1.3078606128692627,
        "flux_mean": 1146.821533203125,
        "flux_std": 3081.3359375,
        "flux_skewness": 6.134139537811279
    },
    "markov_chains": [
        [
            2,
            67,
            48,
            48,
            8,
            14,
            50,
            63,
            3,
            42,
            13,
            43,
            56,
            34,
            8,
            15,
            27,
            17,
            38,
            37,
            9
        ],
        [
            44,
            21,
            28,
            49,
            30,
            54,
            8,
            71,
            56,
            21,
            4,
            26,
            32,
            45,
            9,
            54,
            13,
            6,
            54,
            12,
            17
        ],
        [
            62,
            45,
            61,
            71,
            26,
            12,
            44,
            66,
            13,
            18,
            3,
            42,
            49,
            2,
            8,
            32,
            54,
            66,
            2,
            4,
            48
        ],
        [
            34,
            31,
            53,
            20,
            11,
            9,
            5,
            51,
            61,
            32,
            8,
            6,
            46,
            12,
            7,
            18,
            71,
            8,
            35,
            37,
            17
        ],
        [
            16,
            0,
            11,
            50,
            62,
            59,
            16,
            24,
            40,
            1,
            2,
            17,
            49,
            52,
            33,
            60,
            35,
            44,
            6,
            12,
            46
        ],
        [
            2,
            70,
            53,
            4,
            38,
            9,
            32,
            18,
            70,
            13,
            66,
            9,
            11,
            15,
            25,
            33,
            34,
            3,
            57,
            16,
            56
        ],
        [
            62,
            16,
            43,
            60,
            58,
            51,
            33,
            42,
            52,
            65,
            42,
            34,
            24,
            10,
            26,
            39,
            38,
            6,
            21,
            35,
            57
        ],
        [
            37,
            5,
            29,
            70,
            4,
            30,
            29,
            38,
            47,
            43,
            33,
            5,
            33,
            34,
            61,
            62,
            52,
            24,
            25,
            69,
            37
        ],
        [
            11,
            58,
            51,
            66,
            21,
            1,
            51,
            53,
            19,
            37,
            18,
            50,
            10,
            11,
            41,
            32,
            36,
            43,
            22,
            37,
            27
        ],
        [
            53,
            46,
            26,
            19,
            49,
            20,
            67,
            7,
            12,
            45,
            8,
            34,
            18,
            3,
            10,
            40,
            49,
            24,
            44,
            33,
            38
        ],
        [
            7,
            42,
            7,
            17,
            12,
            56,
            54,
            66,
            26,
            60,
            20,
            25,
            4,
            17,
            44,
            70,
            29,
            4,
            26,
            39,
            25
        ],
        [
            37,
            2,
            50,
            55,
            66,
            49,
            48,
            39,
            21,
            40,
            30,
            40,
            21,
            10,
            46,
            59,
            60,
            30,
            10,
            24,
            43
        ],
        [
            23,
            6,
            52,
            71,
            9,
            12,
            45,
            25,
            45,
            17,
            71,
            27,
            47,
            11,
            37,
            34,
            58,
            57,
            17,
            21,
            28
        ],
        [
            5,
            44,
            31,
            31,
            24,
            30,
            31,
            24,
            46,
            13,
            67,
            38,
            55,
            39,
            42,
            35,
            25,
            45,
            21,
            40,
            38
        ],
        [
            28,
            13,
            39,
            15,
            64,
            33,
            13,
            35,
            65,
            54,
            58,
            61,
            26,
            2,
            26,
            59,
            62,
            23,
            47,
            31,
            58
        ],
        [
            12,
            38,
            46,
            12,
            33,
            17,
            15,
            23,
            53,
            37,
            18,
            8,
            8,
            39,
            12,
            10,
            38,
            18,
            38,
            71,
            46
        ]
    ]
}