{
    "trial_id": "config_466_rep_2",
    "synthesis_params": {
        "densities": [
            10,
            10,
            10
        ],
        "grain_size": 4800,
        "grain_sizes": [
            4800,
            48,
            4800
        ],
        "config_seed": 78475,
        "seed_grain_sampling": 69736,
        "seed_state_sampling": 8594,
        "seed_grain_pos_sampling": 20146,
        "n_streams": 2,
        "window": "hanning",
        "n_clusters": 2,
        "n_iterations": 20,
        "delta_t_samples": 48000,
        "init_states": [
            5,
            15
        ],
        "n_states": 18
    },
    "metrics": {
        "centroid_mean": 1328.974609375,
        "centroid_std": 906.9590454101562,
        "centroid_skewness": 1.1656607389450073,
        "flatness_mean": 0.05778685584664345,
        "flatness_std": 0.04760121926665306,
        "flatness_skewness": 3.2769880294799805,
        "flux_mean": 928.2676391601562,
        "flux_std": 2500.231689453125,
        "flux_skewness": 6.249969005584717
    },
    "markov_chains": [
        [
            5,
            6,
            17,
            16,
            7,
            15,
            16,
            4,
            4,
            3,
            1,
            5,
            3,
            1,
            0,
            7,
            11,
            4,
            13,
            0,
            1
        ],
        [
            15,
            14,
            5,
            1,
            13,
            1,
            15,
            6,
            15,
            13,
            15,
            9,
            17,
            16,
            6,
            13,
            12,
            6,
            15,
            5,
            7
        ]
    ]
}