{
    "trial_id": "config_50_rep_0",
    "synthesis_params": {
        "densities": [
            1,
            1,
            1
        ],
        "grain_size": 4800,
        "grain_sizes": [
            48,
            1920,
            4800
        ],
        "config_seed": 68304,
        "seed_grain_sampling": 77394,
        "seed_state_sampling": 8925,
        "seed_grain_pos_sampling": 65456,
        "n_streams": 4,
        "window": "hanning",
        "n_clusters": 8,
        "n_iterations": 20,
        "delta_t_samples": 48000,
        "init_states": [
            29,
            61,
            18,
            3
        ],
        "n_states": 72
    },
    "metrics": {
        "centroid_mean": 524.919677734375,
        "centroid_std": 961.1414184570312,
        "centroid_skewness": 2.607193946838379,
        "flatness_mean": 0.023129966109991074,
        "flatness_std": 0.04977791756391525,
        "flatness_skewness": 6.13908576965332,
        "flux_mean": 496.19720458984375,
        "flux_std": 2327.37109375,
        "flux_skewness": 9.632511138916016
    },
    "markov_chains": [
        [
            29,
            66,
            52,
            50,
            7,
            12,
            51,
            64,
            5,
            42,
            13,
            41,
            54,
            37,
            11,
            16,
            30,
            21,
            35,
            32,
            12
        ],
        [
            61,
            25,
            31,
            51,
            29,
            57,
            7,
            71,
            53,
            22,
            4,
            30,
            36,
            46,
            8,
            52,
            11,
            7,
            50,
            11,
            17
        ],
        [
            18,
            44,
            58,
            70,
            22,
            12,
            47,
            67,
            15,
            14,
            2,
            45,
            52,
            1,
            8,
            33,
            54,
            66,
            1,
            4,
            52
        ],
        [
            3,
            28,
            54,
            24,
            10,
            12,
            3,
            56,
            61,
            37,
            12,
            2,
            45,
            14,
            4,
            26,
            71,
            4,
            40,
            36,
            18
        ]
    ]
}