{
    "trial_id": "config_170_rep_0",
    "synthesis_params": {
        "densities": [
            100,
            300,
            900
        ],
        "grain_size": 4800,
        "grain_sizes": [
            4800,
            48,
            4800
        ],
        "tpm": [
            [
                0.06959446587462832,
                0.05483688112764951,
                0.003505092583950416,
                0.059016000847176,
                0.08404979748537407,
                0.059556192018756525,
                0.008031613824707061,
                0.020032716810959444,
                0.09709236280778177,
                0.09409438040782667,
                0.0030158910313861547,
                0.09618252166057621,
                0.019293613627607266,
                0.07611183648662,
                0.04204729196666359,
                0.09587702073140228,
                0.051488539390499334,
                0.06617378131643528
            ],
            [
                0.03839495963406742,
                0.04097980010370854,
                0.07719797731045744,
                0.0310464686901115,
                0.005482084309967379,
                0.09720971622953674,
                0.11246486445288587,
                0.026361288930337606,
                0.11481072311852197,
                0.05315944141886277,
                0.018973712889237247,
                0.0341545695772268,
                0.038579025543957174,
                0.07927376257588184,
                0.08656884917894046,
                0.025395504928825745,
                0.08128580942276946,
                0.03866144168470395
            ],
            [
                0.03943236867921891,
                0.0406312338724128,
                0.08503376617883986,
                0.04746967941777662,
                0.06546633925378915,
                0.058495951232499586,
                0.06700681357631867,
                0.027988185147005656,
                0.08569105370684599,
                0.05770165639872687,
                0.043531042359282505,
                0.06643221456989043,
                0.05665070620512357,
                0.06829851970437124,
                0.0457499158528102,
                0.04576534718678324,
                0.04236451880130879,
                0.05629068785699588
            ],
            [
                0.036804447433540326,
                0.04814389730206938,
                0.005272525823829371,
                0.0880805916777116,
                0.0024670367988601275,
                0.08185542275924085,
                0.08045608787858433,
                0.08297984233330208,
                0.08218473385431198,
                0.07909724784987467,
                0.07904664010773566,
                0.06353632081449165,
                0.021298282220031942,
                0.08457961057413171,
                0.036277749089796446,
                0.06057991702282874,
                0.044301405391189735,
                0.023038241068469432
            ],
            [
                0.08310376096732397,
                0.0012999209115577032,
                0.04173493917448655,
                0.10096748210701958,
                0.07671238399737958,
                0.012503715841316852,
                0.04764056719599099,
                0.10843651094569655,
                0.00882695453338737,
                0.09652788931832862,
                0.07704371004835912,
                0.09280386940237223,
                0.045602461695140595,
                0.08740781587327055,
                0.06342823463904629,
                0.0083749669526998,
                0.026828156056153206,
                0.02075666034047042
            ],
            [
                0.10271536191911132,
                0.07720106873547136,
                0.09298872486789879,
                0.013854193706477128,
                0.06249170371972048,
                0.002965062624211314,
                0.02426533639919485,
                0.11046124719276575,
                0.09556137134508964,
                0.020476867100325903,
                0.003126753955090768,
                0.021198484052873074,
                0.09616937728160535,
                0.1178504394697258,
                0.008595838110086003,
                0.05486070793555647,
                0.08913321659068646,
                0.0060842449941096565
            ],
            [
                0.02121572581289934,
                0.07429179440693673,
                0.04018583503108819,
                0.0292360433824155,
                0.058628936701677625,
                0.04562069291769839,
                0.07989144607562566,
                0.04801038991688332,
                0.09659672432710095,
                0.0006985768674710899,
                0.0542576153320879,
                0.057682389100730945,
                0.09330171539749278,
                0.0396237174962214,
                0.09313953525599164,
                0.05203142690010707,
                0.09703437595761182,
                0.018553059119959702
            ],
            [
                0.06061600277370519,
                0.09561185668335236,
                0.09572375648433455,
                0.03308458668451941,
                0.09926120996802279,
                0.021393387780944843,
                0.11302902981436361,
                0.03866086194627192,
                0.010950881641904123,
                0.03410703506601545,
                0.03165116713926749,
                0.05086309231511651,
                0.05731528311543302,
                0.003211992912931018,
                0.027602125352405353,
                0.09521237387934302,
                0.08054616175426273,
                0.051159194687806636
            ],
            [
                0.08194761664194948,
                0.003070500421751138,
                0.004715304089961696,
                0.006347443275810163,
                0.0739403962053854,
                0.08303500676563999,
                0.10923143796144376,
                0.11500651157820685,
                0.10678914104086207,
                0.019336563561615665,
                0.023299674465640723,
                0.0789717252975782,
                0.08257604430059541,
                0.0030250088961170604,
                0.05988752556856933,
                0.03654188106252551,
                0.01077757504269897,
                0.10150064382364855
            ],
            [
                0.010230508826013264,
                0.045829406688852464,
                0.015626983276718607,
                0.007623961618176078,
                0.07407132048661569,
                0.03813406927106601,
                0.06591000801943003,
                0.07834094930624438,
                0.09496554396197016,
                0.046122075461684446,
                0.05180417711351531,
                0.04265853048184942,
                0.055631789231377,
                0.09860036085341091,
                0.09347708234143355,
                0.015601386427826732,
                0.08266307266150025,
                0.08270877397231555
            ],
            [
                0.002168199768029177,
                0.08656436006696322,
                0.08834119384571237,
                0.1136509805223255,
                0.05873398744795217,
                0.038070538816645176,
                0.08368219386266348,
                0.04039267715612079,
                0.020172491059131114,
                0.036878960231510695,
                0.01917497284976889,
                0.03742298929801296,
                0.045040777430032444,
                0.024339934228302086,
                0.10653610512363461,
                0.02743239295366001,
                0.10191199455549452,
                0.06948525078404082
            ],
            [
