{
    "trial_id": "config_800_rep_0",
    "synthesis_params": {
        "densities": [
            1,
            90,
            900
        ],
        "grain_size": 4800,
        "grain_sizes": [
            48,
            48,
            48
        ],
        "config_seed": 83688,
        "seed_grain_sampling": 77394,
        "seed_state_sampling": 8925,
        "seed_grain_pos_sampling": 65456,
        "n_streams": 2,
        "window": "hanning",
        "n_clusters": 3,
        "n_iterations": 20,
        "delta_t_samples": 48000,
        "init_states": [
            22,
            2
        ],
        "n_states": 27
    },
    "metrics": {
        "centroid_mean": 200.88404846191406,
        "centroid_std": 850.4993286132812,
        "centroid_skewness": 4.221560478210449,
        "flatness_mean": 0.010216277092695236,
        "flatness_std": 0.0454738549888134,
        "flatness_skewness": 5.504483699798584,
        "flux_mean": 55.60207748413086,
        "flux_std": 287.4410400390625,
        "flux_skewness": 6.238163948059082
    },
    "markov_chains": [
        [
            22,
            23,
            20,
            15,
            2,
            5,
            20,
            23,
            2,
            17,
            7,
            15,
            20,
            11,
            3,
            6,
            11,
            8,
            10,
            15,
            4
        ],
        [
            2,
            8,
            8,
            17,
            12,
            20,
            3,
            26,
            18,
            9,
            1,
            9,
            13,
            15,
            4,
            19,
            7,
            2,
            21,
            5,
            6
        ]
    ]
}