{
    "trial_id": "config_600_rep_0",
    "synthesis_params": {
        "densities": [
            30,
            90,
            100
        ],
        "grain_size": 4800,
        "grain_sizes": [
            4800,
            4800,
            4800
        ],
        "config_seed": 63955,
        "seed_grain_sampling": 77394,
        "seed_state_sampling": 8925,
        "seed_grain_pos_sampling": 65456,
        "n_streams": 4,
        "window": "hanning",
        "n_clusters": 2,
        "n_iterations": 20,
        "delta_t_samples": 48000,
        "init_states": [
            16,
            9,
            3,
            4
        ],
        "n_states": 18
    },
    "metrics": {
        "centroid_mean": 1188.158447265625,
        "centroid_std": 2133.115234375,
        "centroid_skewness": 1.5187668800354004,
        "flatness_mean": 0.03755196928977966,
        "flatness_std": 0.07818171381950378,
        "flatness_skewness": 4.027466773986816,
        "flux_mean": 593.349609375,
        "flux_std": 1579.38134765625,
        "flux_skewness": 3.643580675125122
    },
    "markov_chains": [
        [
            16,
            17,
            14,
            13,
            1,
            5,
            14,
            16,
            0,
            9,
            3,
            11,
            13,
            7,
            1,
            5,
            9,
            4,
            10,
            9,
            2
        ],
        [
            9,
            4,
            7,
            11,
            8,
            15,
            1,
            17,
            15,
            4,
            0,
            6,
            11,
            11,
            3,
            14,
            2,
            2,
            11,
            3,
            3
        ],
        [
            3,
            13,
            13,
            17,
            6,
            2,
            10,
            16,
            3,
            2,
            1,
            9,
            11,
            1,
            2,
            8,
            14,
            17,
            0,
            0,
            10
        ],
        [
            4,
            7,
            11,
            5,
            4,
            1,
            1,
            13,
            13,
            8,
            2,
            1,
            9,
            2,
            2,
            6,
            17,
            0,
            8,
            8,
            5
        ]
    ]
}