{
    "trial_id": "config_100_rep_0",
    "synthesis_params": {
        "densities": [
            100,
            300,
            900
        ],
        "grain_size": 4800,
        "grain_sizes": [
            48,
            48,
            48
        ],
        "config_seed": 56873,
        "seed_grain_sampling": 77394,
        "seed_state_sampling": 8925,
        "seed_grain_pos_sampling": 65456,
        "n_streams": 1,
        "window": "rexpodec",
        "n_clusters": 8,
        "n_iterations": 20,
        "delta_t_samples": 48000,
        "init_states": [
            15
        ],
        "n_states": 72
    },
    "metrics": {
        "centroid_mean": 888.9844360351562,
        "centroid_std": 2094.722412109375,
        "centroid_skewness": 1.9709980487823486,
        "flatness_mean": 0.06530248373746872,
        "flatness_std": 0.1531965136528015,
        "flatness_skewness": 1.9333727359771729,
        "flux_mean": 173.8951416015625,
        "flux_std": 567.55126953125,
        "flux_skewness": 4.140369415283203
    },
    "markov_chains": [
        [
            15,
            64,
            53,
            52,
            8,
            16,
            51,
            65,
            3,
            40,
            11,
            36,
            56,
            34,
            7,
            13,
            32,
            17,
            39,
            36,
            10
        ]
    ]
}