{
    "trial_id": "config_350_rep_0",
    "synthesis_params": {
        "densities": [
            10,
            30,
            90
        ],
        "grain_size": 4800,
        "grain_sizes": [
            48,
            1920,
            4800
        ],
        "config_seed": 78605,
        "seed_grain_sampling": 77394,
        "seed_state_sampling": 8925,
        "seed_grain_pos_sampling": 65456,
        "n_streams": 1,
        "window": "rexpodec",
        "n_clusters": 3,
        "n_iterations": 20,
        "delta_t_samples": 48000,
        "init_states": [
            17
        ],
        "n_states": 27
    },
    "metrics": {
        "centroid_mean": 102.57720947265625,
        "centroid_std": 597.7007446289062,
        "centroid_skewness": 5.706490993499756,
        "flatness_mean": 0.005304357502609491,
        "flatness_std": 0.03263859078288078,
        "flatness_skewness": 6.584239482879639,
        "flux_mean": 211.62596130371094,
        "flux_std": 1531.9161376953125,
        "flux_skewness": 8.32785415649414
    },
    "markov_chains": [
        [
            17,
            24,
            19,
            19,
            3,
            6,
            16,
            23,
            1,
            16,
            4,
            13,
            20,
            12,
            2,
            5,
            11,
            8,
            13,
            12,
            3
        ]
    ]
}