{
    "trial_id": "config_150_rep_0",
    "synthesis_params": {
        "densities": [
            100,
            300,
            900
        ],
        "grain_size": 4800,
        "grain_sizes": [
            48,
            48,
            48
        ],
        "config_seed": 81401,
        "seed_grain_sampling": 77394,
        "seed_state_sampling": 8925,
        "seed_grain_pos_sampling": 65456,
        "n_streams": 1,
        "window": "rexpodec",
        "n_clusters": 8,
        "n_iterations": 20,
        "delta_t_samples": 48000,
        "init_states": [
            1
        ],
        "n_states": 72
    },
    "metrics": {
        "centroid_mean": 891.56103515625,
        "centroid_std": 2098.7548828125,
        "centroid_skewness": 1.9675196409225464,
        "flatness_mean": 0.06582477688789368,
        "flatness_std": 0.15461984276771545,
        "flatness_skewness": 1.9490337371826172,
        "flux_mean": 260.7320861816406,
        "flux_std": 942.517822265625,
        "flux_skewness": 5.273735523223877
    },
    "markov_chains": [
        [
            1,
            66,
            52,
            50,
            8,
            15,
            52,
            63,
            2,
            43,
            19,
            35,
            57,
            34,
            6,
            16,
            27,
            18,
            36,
            36,
            11
        ]
    ]
}