{
    "trial_id": "config_3_rep_1",
    "metrics": {
        "centroid_mean": 517.5935668945312,
        "centroid_std": 882.892822265625,
        "centroid_skewness": 1.5902403593063354,
        "flatness_mean": 0.028640329837799072,
        "flatness_std": 0.05364827439188957,
        "flatness_skewness": 2.357815980911255,
        "flux_mean": 315.2020263671875,
        "flux_std": 2746.519287109375,
        "flux_skewness": 12.94009780883789
    },
    "markov_chains": [
        [
            49,
            27,
            23,
            6,
            44,
            22,
            46,
            14,
            61,
            12,
            68,
            24,
            25,
            30,
            31,
            43,
            61,
            34,
            56,
            56,
            41
        ],
        [
            67,
            51,
            53,
            41,
            36,
            36,
            0,
            25,
            35,
            9,
            25,
            52,
            15,
            30,
            7,
            58,
            52,
            52,
            21,
            13,
            10
        ],
        [
            61,
            70,
            9,
            14,
            69,
            70,
            34,
            66,
            39,
            3,
            55,
            44,
            39,
            1,
            33,
            33,
            23,
            6,
            4,
            59,
            38
        ],
        [
            63,
            25,
            70,
            35,
            15,
            35,
            17,
            65,
            37,
            28,
            64,
            47,
            17,
            66,
            35,
            15,
            22,
            55,
            54,
            35,
            2
        ]
    ]
}