{
    "trial_id": "config_6_rep_2",
    "metrics": {
        "centroid_mean": 539.2024536132812,
        "centroid_std": 928.8199462890625,
        "centroid_skewness": 1.5637750625610352,
        "flatness_mean": 0.029593350365757942,
        "flatness_std": 0.055713951587677,
        "flatness_skewness": 2.046504020690918,
        "flux_mean": 172.87449645996094,
        "flux_std": 1686.891357421875,
        "flux_skewness": 19.491893768310547
    },
    "markov_chains": [
        [
            45,
            31,
            71,
            61,
            41,
            66,
            61,
            21,
            15,
            14,
            6,
            27,
            12,
            9,
            6,
            23,
            39,
            18,
            59,
            4,
            7
        ],
        [
            8,
            52,
            12,
            7,
            53,
            12,
            60,
            16,
            64,
            52,
            65,
            25,
            69,
            63,
            35,
            55,
            47,
            23,
            63,
            18,
            32
        ],
        [
            67,
            67,
            61,
            40,
            32,
            31,
            51,
            48,
            61,
            68,
            29,
            21,
            62,
            53,
            71,
            61,
            17,
            9,
            11,
            58,
            58
        ],
        [
            37,
            43,
            55,
            25,
            18,
            34,
            17,
            65,
            8,
            34,
            62,
            10,
            6,
            18,
            16,
            57,
            11,
            36,
            68,
            54,
            64
        ]
    ]
}