{
    "trial_id": "config_70_rep_0",
    "synthesis_params": {
        "densities": [
            1,
            1,
            1
        ],
        "grain_size": 4800,
        "grain_sizes": [
            48,
            1920,
            4800
        ],
        "config_seed": 66980,
        "seed_grain_sampling": 77394,
        "seed_state_sampling": 8925,
        "seed_grain_pos_sampling": 65456,
        "n_streams": 4,
        "window": "hanning",
        "n_clusters": 8,
        "n_iterations": 20,
        "delta_t_samples": 48000,
        "init_states": [
            17,
            71,
            26,
            10
        ],
        "n_states": 72
    },
    "metrics": {
        "centroid_mean": 471.6988525390625,
        "centroid_std": 903.0106201171875,
        "centroid_skewness": 2.8580081462860107,
        "flatness_mean": 0.020785005763173103,
        "flatness_std": 0.04664410278201103,
        "flatness_skewness": 6.916496753692627,
        "flux_mean": 406.78338623046875,
        "flux_std": 2028.6136474609375,
        "flux_skewness": 12.377679824829102
    },
    "markov_chains": [
        [
            17,
            63,
            48,
            51,
            9,
            14,
            52,
            63,
            3,
            45,
            16,
            41,
            58,
            35,
            10,
            18,
            30,
            17,
            36,
            41,
            12
        ],
        [
            71,
            23,
            34,
            51,
            32,
            57,
            5,
            69,
            54,
            22,
            6,
            19,
            36,
            47,
            12,
            52,
            13,
            6,
            51,
            13,
            14
        ],
        [
            26,
            46,
            59,
            70,
            18,
            14,
            47,
            65,
            12,
            10,
            5,
            43,
            48,
            2,
            10,
            31,
            55,
            65,
            2,
            1,
            49
        ],
        [
            10,
            28,
            55,
            21,
            7,
            12,
            4,
            57,
            57,
            33,
            12,
            3,
            45,
            9,
            6,
            17,
            71,
            8,
            34,
            38,
            19
        ]
    ]
}