{
    "trial_id": "config_20_rep_0",
    "synthesis_params": {
        "densities": [
            1,
            1,
            1
        ],
        "grain_size": 4800,
        "grain_sizes": [
            48,
            1920,
            4800
        ],
        "config_seed": 44340,
        "seed_grain_sampling": 77394,
        "seed_state_sampling": 8925,
        "seed_grain_pos_sampling": 65456,
        "n_streams": 4,
        "window": "hanning",
        "n_clusters": 8,
        "n_iterations": 20,
        "delta_t_samples": 48000,
        "init_states": [
            45,
            58,
            44,
            64
        ],
        "n_states": 72
    },
    "metrics": {
        "centroid_mean": 466.6827392578125,
        "centroid_std": 828.4439697265625,
        "centroid_skewness": 2.9424591064453125,
        "flatness_mean": 0.020124655216932297,
        "flatness_std": 0.04342494159936905,
        "flatness_skewness": 7.942187786102295,
        "flux_mean": 543.8392333984375,
        "flux_std": 2306.978759765625,
        "flux_skewness": 7.990801811218262
    },
    "markov_chains": [
        [
            45,
            64,
            49,
            48,
            10,
            15,
            51,
            63,
            2,
            44,
            17,
            38,
            56,
            35,
            6,
            20,
            27,
            16,
            37,
            34,
            7
        ],
        [
            58,
            22,
            32,
            46,
            32,
            55,
            5,
            71,
            51,
            25,
            5,
            25,
            35,
            46,
            12,
            54,
            12,
            5,
            57,
            12,
            19
        ],
        [
            44,
            48,
            60,
            71,
            21,
            13,
            46,
            68,
            13,
            13,
            3,
            42,
            53,
            2,
            10,
            33,
            53,
            64,
            2,
            4,
            51
        ],
        [
            64,
            28,
            53,
            22,
            8,
            6,
            4,
            56,
            60,
            39,
            9,
            3,
            42,
            9,
            4,
            22,
            71,
            5,
            38,
            35,
            19
        ]
    ]
}