{
    "trial_id": "config_46_rep_2",
    "synthesis_params": {
        "densities": [
            1,
            1,
            1
        ],
        "grain_size": 4800,
        "grain_sizes": [
            48,
            1920,
            4800
        ],
        "config_seed": 4380,
        "seed_grain_sampling": 69736,
        "seed_state_sampling": 8594,
        "seed_grain_pos_sampling": 20146,
        "n_streams": 4,
        "window": "hanning",
        "n_clusters": 8,
        "n_iterations": 20,
        "delta_t_samples": 48000,
        "init_states": [
            32,
            8,
            3,
            40
        ],
        "n_states": 72
    },
    "metrics": {
        "centroid_mean": 445.9111633300781,
        "centroid_std": 770.5506591796875,
        "centroid_skewness": 1.9190397262573242,
        "flatness_mean": 0.019018571823835373,
        "flatness_std": 0.03431995213031769,
        "flatness_skewness": 2.0490684509277344,
        "flux_mean": 961.7278442382812,
        "flux_std": 3451.6025390625,
        "flux_skewness": 5.91618537902832
    },
    "markov_chains": [
        [
            32,
            32,
            70,
            65,
            40,
            62,
            62,
            22,
            19,
            12,
            4,
            29,
            14,
            7,
            3,
            28,
            41,
            19,
            55,
            4,
            5
        ],
        [
            8,
            52,
            12,
            5,
            51,
            11,
            61,
            19,
            62,
            51,
            62,
            29,
            70,
            61,
            32,
            57,
            43,
            24,
            60,
            15,
            31
        ],
        [
            3,
            67,
            62,
            44,
            29,
            29,
            45,
            43,
            57,
            69,
            26,
            25,
            64,
            48,
            70,
            65,
            18,
            10,
            8,
            57,
            53
        ],
        [
            40,
            47,
            60,
            24,
            13,
            30,
            18,
            67,
            9,
            37,
            65,
            5,
            5,
            21,
            15,
            59,
            10,
            29,
            68,
            48,
            63
        ]
    ]
}