{
    "trial_id": "config_90_rep_0",
    "synthesis_params": {
        "densities": [
            1,
            1,
            1
        ],
        "grain_size": 4800,
        "grain_sizes": [
            48,
            1920,
            4800
        ],
        "config_seed": 13975,
        "seed_grain_sampling": 77394,
        "seed_state_sampling": 8925,
        "seed_grain_pos_sampling": 65456,
        "n_streams": 4,
        "window": "hanning",
        "n_clusters": 8,
        "n_iterations": 20,
        "delta_t_samples": 48000,
        "init_states": [
            31,
            39,
            5,
            26
        ],
        "n_states": 72
    },
    "metrics": {
        "centroid_mean": 482.0096130371094,
        "centroid_std": 831.4566650390625,
        "centroid_skewness": 1.87701416015625,
        "flatness_mean": 0.020678386092185974,
        "flatness_std": 0.0396190881729126,
        "flatness_skewness": 3.4844820499420166,
        "flux_mean": 592.3638916015625,
        "flux_std": 2568.179931640625,
        "flux_skewness": 8.483441352844238
    },
    "markov_chains": [
        [
            31,
            65,
            49,
            53,
            9,
            13,
            51,
            62,
            3,
            43,
            13,
            43,
            57,
            33,
            6,
            14,
            28,
            18,
            37,
            34,
            10
        ],
        [
            39,
            23,
            29,
            51,
            30,
            56,
            12,
            70,
            55,
            20,
            5,
            24,
            36,
            42,
            10,
            57,
            11,
            7,
            55,
            14,
            15
        ],
        [
            5,
            43,
            59,
            70,
            23,
            14,
            43,
            65,
            14,
            13,
            3,
            43,
            47,
            1,
            9,
            32,
            56,
            66,
            1,
            3,
            51
        ],
        [
            26,
            28,
            53,
            21,
            10,
            11,
            5,
            56,
            60,
            35,
            8,
            5,
            42,
            10,
            5,
            21,
            71,
            5,
            33,
            36,
            18
        ]
    ]
}