{
    "trial_id": "config_30_rep_0",
    "synthesis_params": {
        "densities": [
            1,
            1,
            1
        ],
        "grain_size": 4800,
        "grain_sizes": [
            48,
            1920,
            4800
        ],
        "config_seed": 63165,
        "seed_grain_sampling": 77394,
        "seed_state_sampling": 8925,
        "seed_grain_pos_sampling": 65456,
        "n_streams": 4,
        "window": "hanning",
        "n_clusters": 8,
        "n_iterations": 20,
        "delta_t_samples": 48000,
        "init_states": [
            32,
            53,
            61,
            56
        ],
        "n_states": 72
    },
    "metrics": {
        "centroid_mean": 440.53009033203125,
        "centroid_std": 785.1265869140625,
        "centroid_skewness": 1.9549016952514648,
        "flatness_mean": 0.019396860152482986,
        "flatness_std": 0.03875559940934181,
        "flatness_skewness": 3.5945796966552734,
        "flux_mean": 680.2176513671875,
        "flux_std": 3070.44970703125,
        "flux_skewness": 6.625059127807617
    },
    "markov_chains": [
        [
            32,
            61,
            46,
            50,
            9,
            14,
            51,
            66,
            2,
            40,
            16,
            43,
            55,
            39,
            7,
            16,
            31,
            20,
            36,
            38,
            9
        ],
        [
            53,
            23,
            33,
            50,
            33,
            55,
            9,
            69,
            47,
            17,
            6,
            20,
            35,
            45,
            7,
            54,
            13,
            6,
            55,
            13,
            20
        ],
        [
            61,
            42,
            63,
            71,
            25,
            14,
            45,
            65,
            13,
            18,
            3,
            38,
            45,
            1,
            8,
            35,
            55,
            66,
            0,
            1,
            52
        ],
        [
            56,
            31,
            53,
            21,
            9,
            10,
            3,
            51,
            61,
            33,
            9,
            4,
            45,
            7,
            6,
            18,
            71,
            8,
            37,
            34,
            17
        ]
    ]
}