{
    "trial_id": "config_93_rep_1",
    "synthesis_params": {
        "densities": [
            1,
            1,
            1
        ],
        "grain_size": 4800,
        "grain_sizes": [
            48,
            1920,
            4800
        ],
        "config_seed": 80489,
        "seed_grain_sampling": 43301,
        "seed_state_sampling": 43887,
        "seed_grain_pos_sampling": 85858,
        "n_streams": 4,
        "window": "hanning",
        "n_clusters": 8,
        "n_iterations": 20,
        "delta_t_samples": 48000,
        "init_states": [
            2,
            7,
            3,
            41
        ],
        "n_states": 72
    },
    "metrics": {
        "centroid_mean": 452.8253173828125,
        "centroid_std": 875.2615966796875,
        "centroid_skewness": 2.770416736602783,
        "flatness_mean": 0.019709493964910507,
        "flatness_std": 0.044663965702056885,
        "flatness_skewness": 5.1171393394470215,
        "flux_mean": 472.2699279785156,
        "flux_std": 2267.475830078125,
        "flux_skewness": 10.847433090209961
    },
    "markov_chains": [
        [
            2,
            23,
            25,
            5,
            43,
            19,
            48,
            15,
            58,
            12,
            69,
            30,
            24,
            32,
            30,
            40,
            61,
            36,
            58,
            51,
            39
        ],
        [
            7,
            50,
            57,
            36,
            38,
            30,
            0,
            30,
            34,
            7,
            24,
            56,
            15,
            22,
            8,
            59,
            51,
            54,
            27,
            10,
            9
        ],
        [
            3,
            70,
            8,
            14,
            68,
            70,
            32,
            66,
            41,
            4,
            53,
            48,
            41,
            1,
            33,
            34,
            27,
            3,
            2,
            60,
            42
        ],
        [
            41,
            20,
            71,
            39,
            13,
            30,
            11,
            62,
            36,
            25,
            65,
            44,
            19,
            62,
            36,
            12,
            19,
            56,
            59,
            31,
            4
        ]
    ]
}