{
    "trial_id": "config_86_rep_2",
    "synthesis_params": {
        "densities": [
            1,
            1,
            1
        ],
        "grain_size": 4800,
        "grain_sizes": [
            48,
            1920,
            4800
        ],
        "config_seed": 28832,
        "seed_grain_sampling": 69736,
        "seed_state_sampling": 8594,
        "seed_grain_pos_sampling": 20146,
        "n_streams": 4,
        "window": "hanning",
        "n_clusters": 8,
        "n_iterations": 20,
        "delta_t_samples": 48000,
        "init_states": [
            13,
            43,
            70,
            44
        ],
        "n_states": 72
    },
    "metrics": {
        "centroid_mean": 494.54644775390625,
        "centroid_std": 803.9814453125,
        "centroid_skewness": 1.7297824621200562,
        "flatness_mean": 0.02123432606458664,
        "flatness_std": 0.0365019254386425,
        "flatness_skewness": 1.9377951622009277,
        "flux_mean": 700.39111328125,
        "flux_std": 2422.350341796875,
        "flux_skewness": 5.091040134429932
    },
    "markov_chains": [
        [
            13,
            30,
            70,
            61,
            43,
            65,
            62,
            20,
            19,
            13,
            3,
            26,
            16,
            10,
            9,
            28,
            36,
            19,
            58,
            5,
            8
        ],
        [
            43,
            53,
            11,
            8,
            48,
            9,
            62,
            16,
            64,
            49,
            63,
            26,
            69,
            63,
            32,
            57,
            47,
            25,
            64,
            18,
            32
        ],
        [
            70,
            65,
            62,
            41,
            32,
            32,
            50,
            47,
            60,
            68,
            20,
            22,
            61,
            53,
            71,
            63,
            15,
            11,
            8,
            55,
            54
        ],
        [
            44,
            42,
            52,
            23,
            16,
            33,
            17,
            65,
            10,
            41,
            66,
            4,
            5,
            25,
            20,
            58,
            14,
            32,
            67,
            52,
            64
        ]
    ]
}