{
    "trial_id": "config_26_rep_2",
    "synthesis_params": {
        "densities": [
            1,
            1,
            1
        ],
        "grain_size": 4800,
        "grain_sizes": [
            48,
            1920,
            4800
        ],
        "config_seed": 6381,
        "seed_grain_sampling": 69736,
        "seed_state_sampling": 8594,
        "seed_grain_pos_sampling": 20146,
        "n_streams": 4,
        "window": "hanning",
        "n_clusters": 8,
        "n_iterations": 20,
        "delta_t_samples": 48000,
        "init_states": [
            28,
            16,
            39,
            17
        ],
        "n_states": 72
    },
    "metrics": {
        "centroid_mean": 439.4423828125,
        "centroid_std": 829.8038940429688,
        "centroid_skewness": 2.342449903488159,
        "flatness_mean": 0.018892984837293625,
        "flatness_std": 0.038487665355205536,
        "flatness_skewness": 2.7886455059051514,
        "flux_mean": 900.6849365234375,
        "flux_std": 3382.782958984375,
        "flux_skewness": 5.587932586669922
    },
    "markov_chains": [
        [
            28,
            28,
            70,
            65,
            42,
            63,
            59,
            24,
            17,
            13,
            5,
            33,
            18,
            10,
            6,
            28,
            38,
            19,
            58,
            3,
            7
        ],
        [
            16,
            53,
            13,
            6,
            53,
            8,
            59,
            19,
            64,
            45,
            63,
            25,
            70,
            62,
            34,
            55,
            46,
            22,
            63,
            12,
            30
        ],
        [
            39,
            69,
            60,
            43,
            32,
            37,
            51,
            45,
            57,
            69,
            23,
            21,
            60,
            52,
            71,
            65,
            18,
            14,
            6,
            57,
            53
        ],
        [
            17,
            44,
            56,
            25,
            15,
            35,
            22,
            67,
            6,
            39,
            67,
            4,
            8,
            20,
            19,
            59,
            11,
            29,
            68,
            48,
            65
        ]
    ]
}