{
    "trial_id": "config_43_rep_1",
    "synthesis_params": {
        "densities": [
            1,
            1,
            1
        ],
        "grain_size": 4800,
        "grain_sizes": [
            48,
            1920,
            4800
        ],
        "config_seed": 36390,
        "seed_grain_sampling": 43301,
        "seed_state_sampling": 43887,
        "seed_grain_pos_sampling": 85858,
        "n_streams": 4,
        "window": "hanning",
        "n_clusters": 8,
        "n_iterations": 20,
        "delta_t_samples": 48000,
        "init_states": [
            67,
            66,
            60,
            65
        ],
        "n_states": 72
    },
    "metrics": {
        "centroid_mean": 468.1446228027344,
        "centroid_std": 871.5494995117188,
        "centroid_skewness": 2.5726845264434814,
        "flatness_mean": 0.020575596019625664,
        "flatness_std": 0.04493061825633049,
        "flatness_skewness": 7.04566764831543,
        "flux_mean": 858.2625732421875,
        "flux_std": 3761.515625,
        "flux_skewness": 7.116096496582031
    },
    "markov_chains": [
        [
            67,
            22,
            22,
            6,
            45,
            21,
            48,
            15,
            61,
            13,
            66,
            21,
            25,
            30,
            31,
            39,
            64,
            38,
            61,
            53,
            40
        ],
        [
            66,
            46,
            56,
            38,
            39,
            35,
            0,
            29,
            33,
            11,
            21,
            54,
            17,
            30,
            11,
            55,
            55,
            56,
            25,
            15,
            9
        ],
        [
            60,
            69,
            14,
            11,
            67,
            69,
            34,
            67,
            41,
            5,
            53,
            45,
            42,
            2,
            30,
            34,
            29,
            6,
            3,
            58,
            42
        ],
        [
            65,
            23,
            71,
            33,
            15,
            31,
            14,
            61,
            36,
            28,
            65,
            41,
            19,
            63,
            39,
            13,
            20,
            53,
            57,
            32,
            1
        ]
    ]
}