{
    "trial_id": "config_36_rep_2",
    "synthesis_params": {
        "densities": [
            1,
            1,
            1
        ],
        "grain_size": 4800,
        "grain_sizes": [
            48,
            1920,
            4800
        ],
        "config_seed": 97068,
        "seed_grain_sampling": 69736,
        "seed_state_sampling": 8594,
        "seed_grain_pos_sampling": 20146,
        "n_streams": 4,
        "window": "hanning",
        "n_clusters": 8,
        "n_iterations": 20,
        "delta_t_samples": 48000,
        "init_states": [
            44,
            37,
            23,
            54
        ],
        "n_states": 72
    },
    "metrics": {
        "centroid_mean": 389.5594177246094,
        "centroid_std": 718.1026000976562,
        "centroid_skewness": 2.0674846172332764,
        "flatness_mean": 0.016908928751945496,
        "flatness_std": 0.033499471843242645,
        "flatness_skewness": 2.540250301361084,
        "flux_mean": 967.4093017578125,
        "flux_std": 3692.411865234375,
        "flux_skewness": 5.800998210906982
    },
    "markov_chains": [
        [
            44,
            31,
            71,
            62,
            40,
            62,
            58,
            23,
            15,
            12,
            6,
            32,
            15,
            8,
            5,
            27,
            35,
            21,
            60,
            7,
            6
        ],
        [
            37,
            51,
            13,
            10,
            55,
            9,
            61,
            19,
            62,
            48,
            61,
            27,
            69,
            63,
            32,
            55,
            48,
            19,
            61,
            17,
            30
        ],
        [
            23,
            69,
            62,
            38,
            34,
            30,
            46,
            45,
            59,
            69,
            26,
            24,
            65,
            48,
            70,
            64,
            16,
            9,
            4,
            57,
            55
        ],
        [
            54,
            40,
            57,
            26,
            18,
            33,
            17,
            64,
            7,
            35,
            66,
            6,
            10,
            23,
            15,
            59,
            10,
            32,
            67,
            50,
            65
        ]
    ]
}