{
    "trial_id": "config_106_rep_2",
    "synthesis_params": {
        "densities": [
            1,
            3,
            9
        ],
        "grain_size": 4800,
        "grain_sizes": [
            4800,
            4800,
            4800
        ],
        "config_seed": 9417,
        "seed_grain_sampling": 69736,
        "seed_state_sampling": 8594,
        "seed_grain_pos_sampling": 20146,
        "n_streams": 4,
        "window": "hanning",
        "n_clusters": 8,
        "n_iterations": 20,
        "delta_t_samples": 48000,
        "init_states": [
            2,
            44,
            62,
            34
        ],
        "n_states": 72
    },
    "metrics": {
        "centroid_mean": 1151.830078125,
        "centroid_std": 793.8964233398438,
        "centroid_skewness": 2.798553466796875,
        "flatness_mean": 0.04889630898833275,
        "flatness_std": 0.04382481053471565,
        "flatness_skewness": 10.507795333862305,
        "flux_mean": 1622.0194091796875,
        "flux_std": 2787.677978515625,
        "flux_skewness": 3.7989070415496826
    },
    "markov_chains": [
        [
            2,
            34,
            70,
            64,
            37,
            63,
            61,
            20,
            18,
            13,
            5,
            27,
            14,
            10,
            5,
            24,
            41,
            17,
            57,
            4,
            4
        ],
        [
            44,
            54,
            13,
            7,
            54,
            8,
            60,
            22,
            62,
            50,
            63,
            26,
            70,
            61,
            30,
            55,
            48,
            22,
            61,
            15,
            32
        ],
        [
            62,
            68,
            63,
            39,
            30,
            31,
            49,
            45,
            61,
            65,
            25,
            19,
            64,
            46,
            71,
            64,
            16,
            11,
            7,
            59,
            51
        ],
        [
            34,
            45,
            56,
            26,
            13,
            36,
            19,
            66,
            10,
            38,
            67,
            5,
            5,
            21,
            13,
            62,
            10,
            32,
            69,
            52,
            62
        ]
    ]
}