{
    "trial_id": "config_76_rep_2",
    "synthesis_params": {
        "densities": [
            1,
            1,
            1
        ],
        "grain_size": 4800,
        "grain_sizes": [
            48,
            1920,
            4800
        ],
        "config_seed": 70025,
        "seed_grain_sampling": 69736,
        "seed_state_sampling": 8594,
        "seed_grain_pos_sampling": 20146,
        "n_streams": 4,
        "window": "hanning",
        "n_clusters": 8,
        "n_iterations": 20,
        "delta_t_samples": 48000,
        "init_states": [
            39,
            44,
            43,
            67
        ],
        "n_states": 72
    },
    "metrics": {
        "centroid_mean": 433.63446044921875,
        "centroid_std": 779.9434814453125,
        "centroid_skewness": 1.9037364721298218,
        "flatness_mean": 0.018004225566983223,
        "flatness_std": 0.034300077706575394,
        "flatness_skewness": 2.1392195224761963,
        "flux_mean": 509.9681396484375,
        "flux_std": 2226.499755859375,
        "flux_skewness": 8.958783149719238
    },
    "markov_chains": [
        [
            39,
            31,
            70,
            66,
            40,
            64,
            61,
            26,
            20,
            14,
            6,
            25,
            22,
            13,
            4,
            32,
            42,
            18,
            60,
            4,
            10
        ],
        [
            44,
            52,
            13,
            7,
            54,
            9,
            58,
            13,
            63,
            48,
            63,
            23,
            69,
            57,
            31,
            51,
            46,
            23,
            64,
            13,
            32
        ],
        [
            43,
            69,
            57,
            41,
            31,
            32,
            51,
            47,
            61,
            70,
            25,
            25,
            62,
            54,
            71,
            63,
            15,
            10,
            5,
            55,
            53
        ],
        [
            67,
            46,
            57,
            23,
            20,
            32,
            17,
            65,
            9,
            36,
            64,
            6,
            5,
            20,
            15,
            61,
            11,
            34,
            67,
            51,
            62
        ]
    ]
}