{
    "trial_id": "config_0_rep_0",
    "synthesis_params": {
        "densities": [
            1,
            1,
            1
        ],
        "grain_size": 4800,
        "grain_sizes": [
            48,
            1920,
            4800
        ],
        "config_seed": 9417,
        "seed_grain_sampling": 77394,
        "seed_state_sampling": 8925,
        "seed_grain_pos_sampling": 65456,
        "n_streams": 4,
        "window": "hanning",
        "n_clusters": 8,
        "n_iterations": 20,
        "delta_t_samples": 48000,
        "init_states": [
            2,
            44,
            62,
            34
        ],
        "n_states": 72
    },
    "metrics": {
        "centroid_mean": 471.0950927734375,
        "centroid_std": 861.3240966796875,
        "centroid_skewness": 3.1000680923461914,
        "flatness_mean": 0.019384082406759262,
        "flatness_std": 0.04298004135489464,
        "flatness_skewness": 8.16660213470459,
        "flux_mean": 532.1979370117188,
        "flux_std": 2359.52001953125,
        "flux_skewness": 7.996521949768066
    },
    "markov_chains": [
        [
            2,
            67,
            48,
            48,
            8,
            14,
            50,
            63,
            3,
            42,
            13,
            43,
            56,
            34,
            8,
            15,
            27,
            17,
            38,
            37,
            9
        ],
        [
            44,
            21,
            28,
            49,
            30,
            54,
            8,
            71,
            56,
            21,
            4,
            26,
            32,
            45,
            9,
            54,
            13,
            6,
            54,
            12,
            17
        ],
        [
            62,
            45,
            61,
            71,
            26,
            12,
            44,
            66,
            13,
            18,
            3,
            42,
            49,
            2,
            8,
            32,
            54,
            66,
            2,
            4,
            48
        ],
        [
            34,
            31,
            53,
            20,
            11,
            9,
            5,
            51,
            61,
            32,
            8,
            6,
            46,
            12,
            7,
            18,
            71,
            8,
            35,
            37,
            17
        ]
    ]
}