{
    "trial_id": "config_3_rep_1",
    "synthesis_params": {
        "densities": [
            1,
            1,
            1
        ],
        "grain_size": 4800,
        "grain_sizes": [
            48,
            1920,
            4800
        ],
        "config_seed": 73574,
        "seed_grain_sampling": 43301,
        "seed_state_sampling": 43887,
        "seed_grain_pos_sampling": 85858,
        "n_streams": 4,
        "window": "hanning",
        "n_clusters": 8,
        "n_iterations": 20,
        "delta_t_samples": 48000,
        "init_states": [
            49,
            67,
            61,
            63
        ],
        "n_states": 72
    },
    "metrics": {
        "centroid_mean": 457.7776184082031,
        "centroid_std": 860.4285278320312,
        "centroid_skewness": 2.3357410430908203,
        "flatness_mean": 0.02072700671851635,
        "flatness_std": 0.04468972235918045,
        "flatness_skewness": 4.234189033508301,
        "flux_mean": 583.1809692382812,
        "flux_std": 2503.333740234375,
        "flux_skewness": 7.870053768157959
    },
    "markov_chains": [
        [
            49,
            27,
            23,
            6,
            44,
            22,
            46,
            14,
            61,
            12,
            68,
            24,
            25,
            30,
            31,
            43,
            61,
            34,
            56,
            56,
            41
        ],
        [
            67,
            51,
            53,
            41,
            36,
            36,
            0,
            25,
            35,
            9,
            25,
            52,
            15,
            30,
            7,
            58,
            52,
            52,
            21,
            13,
            10
        ],
        [
            61,
            70,
            9,
            14,
            69,
            70,
            34,
            66,
            39,
            3,
            55,
            44,
            39,
            1,
            33,
            33,
            23,
            6,
            4,
            59,
            38
        ],
        [
            63,
            25,
            70,
            35,
            15,
            35,
            17,
            65,
            37,
            28,
            64,
            47,
            17,
            66,
            35,
            15,
            22,
            55,
            54,
            35,
            2
        ]
    ]
}