{
    "trial_id": "config_23_rep_1",
    "synthesis_params": {
        "densities": [
            1,
            1,
            1
        ],
        "grain_size": 4800,
        "grain_sizes": [
            48,
            1920,
            4800
        ],
        "config_seed": 9213,
        "seed_grain_sampling": 43301,
        "seed_state_sampling": 43887,
        "seed_grain_pos_sampling": 85858,
        "n_streams": 4,
        "window": "hanning",
        "n_clusters": 8,
        "n_iterations": 20,
        "delta_t_samples": 48000,
        "init_states": [
            9,
            45,
            57,
            12
        ],
        "n_states": 72
    },
    "metrics": {
        "centroid_mean": 489.4611511230469,
        "centroid_std": 888.868896484375,
        "centroid_skewness": 2.2738208770751953,
        "flatness_mean": 0.020924771204590797,
        "flatness_std": 0.04007694870233536,
        "flatness_skewness": 3.08255672454834,
        "flux_mean": 543.4199829101562,
        "flux_std": 2394.535888671875,
        "flux_skewness": 8.12746524810791
    },
    "markov_chains": [
        [
            9,
            24,
            25,
            7,
            43,
            23,
            48,
            14,
            59,
            12,
            68,
            22,
            22,
            26,
            34,
            42,
            58,
            32,
            58,
            48,
            40
        ],
        [
            45,
            49,
            53,
            40,
            36,
            35,
            0,
            29,
            31,
            13,
            23,
            52,
            15,
            30,
            7,
            58,
            48,
            53,
            23,
            15,
            15
        ],
        [
            57,
            69,
            11,
            13,
            69,
            70,
            32,
            65,
            40,
            8,
            52,
            45,
            40,
            3,
            29,
            30,
            23,
            6,
            4,
            61,
            45
        ],
        [
            12,
            20,
            71,
            32,
            14,
            35,
            13,
            59,
            38,
            24,
            65,
            41,
            19,
            63,
            34,
            14,
            17,
            53,
            57,
            32,
            1
        ]
    ]
}