{
    "trial_id": "config_73_rep_1",
    "synthesis_params": {
        "densities": [
            1,
            1,
            1
        ],
        "grain_size": 4800,
        "grain_sizes": [
            48,
            1920,
            4800
        ],
        "config_seed": 16068,
        "seed_grain_sampling": 43301,
        "seed_state_sampling": 43887,
        "seed_grain_pos_sampling": 85858,
        "n_streams": 4,
        "window": "hanning",
        "n_clusters": 8,
        "n_iterations": 20,
        "delta_t_samples": 48000,
        "init_states": [
            51,
            30,
            49,
            2
        ],
        "n_states": 72
    },
    "metrics": {
        "centroid_mean": 464.7795104980469,
        "centroid_std": 834.9973754882812,
        "centroid_skewness": 1.966873049736023,
        "flatness_mean": 0.020085103809833527,
        "flatness_std": 0.037860456854104996,
        "flatness_skewness": 2.205156087875366,
        "flux_mean": 835.7711791992188,
        "flux_std": 3261.770751953125,
        "flux_skewness": 6.66702127456665
    },
    "markov_chains": [
        [
            51,
            24,
            26,
            6,
            42,
            19,
            45,
            17,
            62,
            17,
            68,
            23,
            24,
            30,
            30,
            43,
            61,
            31,
            55,
            52,
            39
        ],
        [
            30,
            50,
            56,
            40,
            42,
            33,
            0,
            26,
            33,
            11,
            20,
            52,
            15,
            23,
            9,
            57,
            53,
            54,
            24,
            12,
            10
        ],
        [
            49,
            68,
            11,
            13,
            68,
            70,
            33,
            68,
            40,
            7,
            50,
            45,
            43,
            3,
            27,
            35,
            22,
            6,
            2,
            59,
            42
        ],
        [
            2,
            20,
            70,
            34,
            13,
            34,
            13,
            63,
            34,
            22,
            62,
            47,
            17,
            64,
            40,
            17,
            23,
            53,
            57,
            29,
            1
        ]
    ]
}