{
    "trial_id": "config_56_rep_2",
    "synthesis_params": {
        "densities": [
            1,
            1,
            1
        ],
        "grain_size": 4800,
        "grain_sizes": [
            48,
            1920,
            4800
        ],
        "config_seed": 32582,
        "seed_grain_sampling": 69736,
        "seed_state_sampling": 8594,
        "seed_grain_pos_sampling": 20146,
        "n_streams": 4,
        "window": "hanning",
        "n_clusters": 8,
        "n_iterations": 20,
        "delta_t_samples": 48000,
        "init_states": [
            13,
            67,
            23,
            37
        ],
        "n_states": 72
    },
    "metrics": {
        "centroid_mean": 416.2421875,
        "centroid_std": 747.5570068359375,
        "centroid_skewness": 2.0465645790100098,
        "flatness_mean": 0.017531685531139374,
        "flatness_std": 0.03328020125627518,
        "flatness_skewness": 2.216299533843994,
        "flux_mean": 593.18115234375,
        "flux_std": 2315.80322265625,
        "flux_skewness": 6.296626091003418
    },
    "markov_chains": [
        [
            13,
            27,
            70,
            58,
            46,
            67,
            64,
            23,
            14,
            13,
            3,
            33,
            15,
            12,
            6,
            24,
            41,
            17,
            58,
            4,
            5
        ],
        [
            67,
            55,
            12,
            9,
            48,
            9,
            56,
            17,
            64,
            50,
            62,
            26,
            70,
            56,
            30,
            53,
            50,
            24,
            64,
            17,
            30
        ],
        [
            23,
            69,
            59,
            44,
            36,
            33,
            50,
            48,
            61,
            68,
            25,
            20,
            64,
            53,
            70,
            58,
            15,
            13,
            5,
            58,
            57
        ],
        [
            37,
            45,
            57,
            26,
            14,
            35,
            15,
            66,
            7,
            36,
            65,
            5,
            7,
            21,
            12,
            61,
            11,
            34,
            67,
            52,
            61
        ]
    ]
}