{
    "levine_results": {
        "levene_stat": 4.702377318454026,
        "levene_p": 0.011692214000012384
    },
    "anova_results": {
        "centroid_std": {
            "f_stat": 2.334107322843573,
            "p_val": 0.09867203813401261,
            "df_between": 2,
            "df_within": 297
        },
        "centroid_skewness": {
            "f_stat": 9.017582261204923,
            "p_val": 0.0001577670643946978,
            "df_between": 2,
            "df_within": 297
        },
        "flatness_mean": {
            "f_stat": 4.223580210177113,
            "p_val": 0.015535421806522287,
            "df_between": 2,
            "df_within": 297
        },
        "flatness_std": {
            "f_stat": 8.106491415511032,
            "p_val": 0.00037336107234401013,
            "df_between": 2,
            "df_within": 297
        },
        "flatness_skewness": {
            "f_stat": 10.305890958470398,
            "p_val": 4.706379859454409e-05,
            "df_between": 2,
            "df_within": 297
        },
        "flux_mean": {
            "f_stat": 26.64120285097428,
            "p_val": 2.2814536451169478e-11,
            "df_between": 2,
            "df_within": 297
        },
        "flux_std": {
            "f_stat": 6.93793627247474,
            "p_val": 0.0011354307855845698,
            "df_between": 2,
            "df_within": 297
        },
        "flux_skewness": {
            "f_stat": 8.234372519536839,
            "p_val": 0.0003307404467148548,
            "df_between": 2,
            "df_within": 297
        }
    }
}