{
    "kruskal_wallis_results": {
        "centroid_mean": {
            "H_stat": 344.5334887103723,
            "p_val": 1.5328635989277798e-75
        },
        "centroid_std": {
            "H_stat": 113.04266585696143,
            "p_val": 2.838552946301345e-25
        },
        "centroid_skewness": {
            "H_stat": 48.443723922439005,
            "p_val": 3.023980656736555e-11
        },
        "flatness_mean": {
            "H_stat": 271.8432587414968,
            "p_val": 9.332250611753503e-60
        },
        "flatness_std": {
            "H_stat": 176.14022143535448,
            "p_val": 5.6446483923055886e-39
        },
        "flatness_skewness": {
            "H_stat": 330.9476314299065,
            "p_val": 1.3665796067267927e-72
        },
        "flux_mean": {
            "H_stat": 117.26739171339648,
            "p_val": 3.433281677778087e-26
        },
        "flux_std": {
            "H_stat": 185.10171807352498,
            "p_val": 6.392527793436964e-41
        },
        "flux_skewness": {
            "H_stat": 268.4783385975003,
            "p_val": 5.0196047116223055e-59
        }
    },
    "posthoc_dunns": {
        "centroid_mean": {
            "markov_state": 8.804329246444673e-68,
            "markov_gs": 0.0010678410747266168,
            "state_gs": 2.202548366249825e-45
        },
        "centroid_std": {
            "markov_state": 0.011754854329636487,
            "markov_gs": 3.0418737138332615e-14,
            "state_gs": 5.639314710763146e-24
        },
        "centroid_skewness": {
            "markov_state": 4.0692476688224695e-09,
            "markov_gs": 0.9471023154068134,
            "state_gs": 4.089236512055866e-09
        },
        "flatness_mean": {
            "markov_state": 1.4108207040797158e-49,
            "markov_gs": 0.20007276171156074,
            "state_gs": 8.588808250700969e-42
        },
        "flatness_std": {
            "markov_state": 0.00020546053519078172,
            "markov_gs": 8.715782872897998e-20,
            "state_gs": 1.5167417529606946e-37
        },
        "flatness_skewness": {
            "markov_state": 1.0940342376121006e-72,
            "markov_gs": 2.244408767106438e-26,
            "state_gs": 1.3452910857595378e-13
        },
        "flux_mean": {
            "markov_state": 4.9417831906830517e-23,
            "markov_gs": 1.4503801781605443e-17,
            "state_gs": 0.16714362159116702
        },
        "flux_std": {
            "markov_state": 1.9257670113584065e-40,
            "markov_gs": 3.5298825986101357e-06,
            "state_gs": 3.965870293743185e-18
        },
        "flux_skewness": {
            "markov_state": 4.629337062207365e-13,
            "markov_gs": 1.5932573657827004e-19,
            "state_gs": 1.3178667288935822e-59
        }
    }
}