{
    "trial_id": "config_16_rep_2",
    "synthesis_params": {
        "densities": [
            1,
            1,
            1
        ],
        "grain_size": 4800,
        "grain_sizes": [
            48,
            1920,
            4800
        ],
        "config_seed": 64385,
        "seed_grain_sampling": 69736,
        "seed_state_sampling": 8594,
        "seed_grain_pos_sampling": 20146,
        "n_streams": 4,
        "window": "hanning",
        "n_clusters": 8,
        "n_iterations": 20,
        "delta_t_samples": 48000,
        "init_states": [
            42,
            19,
            35,
            25
        ],
        "n_states": 72
    },
    "metrics": {
        "centroid_mean": 1065.0467529296875,
        "centroid_std": 1936.0823974609375,
        "centroid_skewness": 2.0599677562713623,
        "flatness_mean": 0.03912811353802681,
        "flatness_std": 0.07603555172681808,
        "flatness_skewness": 2.6464269161224365,
        "flux_mean": 363.09912109375,
        "flux_std": 1853.0611572265625,
        "flux_skewness": 8.034137725830078
    },
    "markov_chains": [
        [
            42,
            31,
            71,
            64,
            44,
            65,
            61,
            22,
            21,
            14,
            6,
            29,
            21,
            9,
            4,
            27,
            39,
            19,
            59,
            4,
            6
        ],
        [
            19,
            55,
            14,
            7,
            54,
            9,
            61,
            18,
            62,
            49,
            64,
            31,
            70,
            62,
            32,
            53,
            47,
            24,
            63,
            18,
            30
        ],
        [
            35,
            69,
            59,
            43,
            29,
            35,
            51,
            43,
            59,
            68,
            21,
            19,
            64,
            52,
            69,
            63,
            19,
            12,
            5,
            57,
            53
        ],
        [
            25,
            43,
            57,
            25,
            16,
            36,
            18,
            64,
            11,
            37,
            64,
            7,
            6,
            20,
            21,
            55,
            11,
            31,
            69,
            46,
            63
        ]
    ]
}