{
    "trial_id": "config_83_rep_1",
    "synthesis_params": {
        "densities": [
            1,
            1,
            1
        ],
        "grain_size": 4800,
        "grain_sizes": [
            48,
            1920,
            4800
        ],
        "config_seed": 84168,
        "seed_grain_sampling": 43301,
        "seed_state_sampling": 43887,
        "seed_grain_pos_sampling": 85858,
        "n_streams": 4,
        "window": "hanning",
        "n_clusters": 8,
        "n_iterations": 20,
        "delta_t_samples": 48000,
        "init_states": [
            67,
            3,
            59,
            50
        ],
        "n_states": 72
    },
    "metrics": {
        "centroid_mean": 1004.5717163085938,
        "centroid_std": 1825.89453125,
        "centroid_skewness": 1.7879127264022827,
        "flatness_mean": 0.03863822668790817,
        "flatness_std": 0.0787569060921669,
        "flatness_skewness": 2.7261128425598145,
        "flux_mean": 373.0412902832031,
        "flux_std": 1817.151611328125,
        "flux_skewness": 11.026276588439941
    },
    "markov_chains": [
        [
            67,
            26,
            22,
            5,
            46,
            23,
            48,
            15,
            61,
            12,
            67,
            28,
            26,
            28,
            34,
            42,
            62,
            34,
            57,
            52,
            46
        ],
        [
            3,
            52,
            57,
            41,
            39,
            31,
            1,
            28,
            37,
            8,
            24,
            54,
            18,
            30,
            9,
            57,
            52,
            57,
            22,
            10,
            10
        ],
        [
            59,
            70,
            11,
            11,
            66,
            69,
            34,
            66,
            41,
            3,
            53,
            48,
            45,
            3,
            34,
            35,
            25,
            5,
            2,
            59,
            38
        ],
        [
            50,
            23,
            71,
            37,
            12,
            35,
            16,
            63,
            37,
            21,
            63,
            45,
            17,
            64,
            36,
            16,
            20,
            58,
            58,
            28,
            2
        ]
    ]
}