{
    "trial_id": "config_100_rep_0",
    "synthesis_params": {
        "densities": [
            30,
            90,
            100
        ],
        "grain_size": 4800,
        "grain_sizes": [
            48,
            48,
            48
        ],
        "config_seed": 9417,
        "seed_grain_sampling": 77394,
        "seed_state_sampling": 8925,
        "seed_grain_pos_sampling": 65456,
        "n_streams": 4,
        "window": "hanning",
        "n_clusters": 3,
        "n_iterations": 20,
        "delta_t_samples": 48000,
        "init_states": [
            0,
            16,
            23,
            13
        ],
        "n_states": 27
    },
    "metrics": {
        "centroid_mean": 4047.184326171875,
        "centroid_std": 1650.2586669921875,
        "centroid_skewness": 0.4856032431125641,
        "flatness_mean": 0.21632564067840576,
        "flatness_std": 0.09227996319532394,
        "flatness_skewness": 0.22672231495380402,
        "flux_mean": 475.9345703125,
        "flux_std": 699.7122802734375,
        "flux_skewness": 3.4560346603393555
    },
    "markov_chains": [
        [
            0,
            25,
            19,
            19,
            2,
            6,
            19,
            24,
            1,
            17,
            6,
            16,
            18,
            11,
            4,
            6,
            12,
            7,
            15,
            14,
            4
        ],
        [
            16,
            7,
            14,
            19,
            9,
            18,
            3,
            25,
            21,
            6,
            4,
            8,
            14,
            18,
            3,
            21,
            4,
            2,
            18,
            4,
            6
        ],
        [
            23,
            18,
            21,
            26,
            9,
            3,
            16,
            21,
            3,
            3,
            0,
            16,
            16,
            0,
            4,
            12,
            19,
            24,
            0,
            0,
            19
        ],
        [
            13,
            11,
            20,
            8,
            3,
            2,
            3,
            21,
            22,
            14,
            4,
            1,
            17,
            4,
            2,
            7,
            26,
            2,
            11,
            14,
            6
        ]
    ]
}