{
    "trial_id": "config_166_rep_2",
    "synthesis_params": {
        "densities": [
            100,
            300,
            900
        ],
        "grain_size": 4800,
        "grain_sizes": [
            4800,
            4800,
            4800
        ],
        "config_seed": 9417,
        "seed_grain_sampling": 69736,
        "seed_state_sampling": 8594,
        "seed_grain_pos_sampling": 20146,
        "n_streams": 4,
        "window": "hanning",
        "n_clusters": 3,
        "n_iterations": 20,
        "delta_t_samples": 48000,
        "init_states": [
            0,
            16,
            23,
            13
        ],
        "n_states": 27
    },
    "metrics": {
        "centroid_mean": 3456.01025390625,
        "centroid_std": 1173.840087890625,
        "centroid_skewness": 0.7790125608444214,
        "flatness_mean": 0.11820109933614731,
        "flatness_std": 0.038196317851543427,
        "flatness_skewness": 0.9637004137039185,
        "flux_mean": 3420.582275390625,
        "flux_std": 3988.0009765625,
        "flux_skewness": 2.715540647506714
    },
    "markov_chains": [
        [
            0,
            12,
            26,
            24,
            16,
            20,
            22,
            9,
            4,
            6,
            4,
            11,
            7,
            5,
            2,
            9,
            13,
            8,
            21,
            1,
            4
        ],
        [
            16,
            17,
            6,
            5,
            19,
            3,
            22,
            8,
            23,
            19,
            24,
            11,
            26,
            24,
            14,
            22,
            20,
            9,
            23,
            5,
            14
        ],
        [
            23,
            26,
            24,
            16,
            10,
            12,
            18,
            18,
            21,
            25,
            9,
            6,
            22,
            21,
            26,
            24,
            8,
            3,
            1,
            21,
            22
        ],
        [
            13,
            15,
            19,
            8,
            4,
            12,
            7,
            25,
            3,
            11,
            23,
            2,
            3,
            5,
            7,
            23,
            3,
            10,
            24,
            19,
            24
        ]
    ]
}