{
    "trial_id": "config_466_rep_2",
    "synthesis_params": {
        "densities": [
            10,
            10,
            10
        ],
        "grain_size": 4800,
        "grain_sizes": [
            4800,
            48,
            4800
        ],
        "config_seed": 78475,
        "seed_grain_sampling": 69736,
        "seed_state_sampling": 8594,
        "seed_grain_pos_sampling": 20146,
        "n_streams": 2,
        "window": "hanning",
        "n_clusters": 2,
        "n_iterations": 20,
        "delta_t_samples": 48000,
        "init_states": [
            5,
            15
        ],
        "n_states": 18
    },
    "metrics": {
        "centroid_mean": 2635.56787109375,
        "centroid_std": 1790.1104736328125,
        "centroid_skewness": 0.5912200212478638,
        "flatness_mean": 0.10588964819908142,
        "flatness_std": 0.08890688419342041,
        "flatness_skewness": 1.3674166202545166,
        "flux_mean": 817.1989135742188,
        "flux_std": 2569.562255859375,
        "flux_skewness": 5.749112129211426
    },
    "markov_chains": [
        [
            5,
            6,
            17,
            16,
            7,
            15,
            16,
            4,
            4,
            3,
            1,
            5,
            3,
            1,
            0,
            7,
            11,
            4,
            13,
            0,
            1
        ],
        [
            15,
            14,
            5,
            1,
            13,
            1,
            15,
            6,
            15,
            13,
            15,
            9,
            17,
            16,
            6,
            13,
            12,
            6,
            15,
            5,
            7
        ]
    ]
}