{
    "trial_id": "config_116_rep_2",
    "synthesis_params": {
        "densities": [
            30,
            90,
            100
        ],
        "grain_size": 4800,
        "grain_sizes": [
            48,
            48,
            48
        ],
        "config_seed": 9417,
        "seed_grain_sampling": 69736,
        "seed_state_sampling": 8594,
        "seed_grain_pos_sampling": 20146,
        "n_streams": 4,
        "window": "hanning",
        "n_clusters": 3,
        "n_iterations": 20,
        "delta_t_samples": 48000,
        "init_states": [
            0,
            16,
            23,
            13
        ],
        "n_states": 27
    },
    "metrics": {
        "centroid_mean": 4051.474365234375,
        "centroid_std": 1785.441162109375,
        "centroid_skewness": 0.6170617341995239,
        "flatness_mean": 0.21333254873752594,
        "flatness_std": 0.09014546126127243,
        "flatness_skewness": 0.3245331346988678,
        "flux_mean": 636.6984252929688,
        "flux_std": 898.8274536132812,
        "flux_skewness": 3.0459089279174805
    },
    "markov_chains": [
        [
            0,
            12,
            26,
            24,
            16,
            20,
            22,
            9,
            4,
            6,
            4,
            11,
            7,
            5,
            2,
            9,
            13,
            8,
            21,
            1,
            4
        ],
        [
            16,
            17,
            6,
            5,
            19,
            3,
            22,
            8,
            23,
            19,
            24,
            11,
            26,
            24,
            14,
            22,
            20,
            9,
            23,
            5,
            14
        ],
        [
            23,
            26,
            24,
            16,
            10,
            12,
            18,
            18,
            21,
            25,
            9,
            6,
            22,
            21,
            26,
            24,
            8,
            3,
            1,
            21,
            22
        ],
        [
            13,
            15,
            19,
            8,
            4,
            12,
            7,
            25,
            3,
            11,
            23,
            2,
            3,
            5,
            7,
            23,
            3,
            10,
            24,
            19,
            24
        ]
    ]
}