{
    "trial_id": "config_233_rep_1",
    "synthesis_params": {
        "densities": [
            1,
            1,
            1
        ],
        "grain_size": 4800,
        "grain_sizes": [
            48,
            1920,
            4800
        ],
        "config_seed": 9417,
        "seed_grain_sampling": 43301,
        "seed_state_sampling": 43887,
        "seed_grain_pos_sampling": 85858,
        "n_streams": 4,
        "window": "rev_exp",
        "n_clusters": 8,
        "n_iterations": 20,
        "delta_t_samples": 48000,
        "init_states": [
            2,
            44,
            62,
            34
        ],
        "n_states": 72
    },
    "metrics": {
        "centroid_mean": 1292.6658935546875,
        "centroid_std": 2141.93408203125,
        "centroid_skewness": 1.5779979228973389,
        "flatness_mean": 0.07519832998514175,
        "flatness_std": 0.14493833482265472,
        "flatness_skewness": 2.3002309799194336,
        "flux_mean": 291.8591613769531,
        "flux_std": 1430.0205078125,
        "flux_skewness": 12.535964012145996
    },
    "markov_chains": [
        [
            2,
            26,
            21,
            5,
            40,
            23,
            46,
            13,
            64,
            13,
            69,
            25,
            23,
            30,
            31,
            42,
            59,
            32,
            55,
            55,
            40
        ],
        [
            44,
            53,
            57,
            37,
            35,
            35,
            0,
            33,
            38,
            11,
            19,
            57,
            16,
            27,
            8,
            57,
            49,
            50,
            24,
            12,
            15
        ],
        [
            62,
            69,
            11,
            11,
            68,
            70,
            33,
            68,
            38,
            8,
            49,
            44,
            44,
            1,
            31,
            35,
            26,
            5,
            4,
            57,
            37
        ],
        [
            34,
            27,
            71,
            40,
            17,
            34,
            18,
            65,
            37,
            23,
            62,
            42,
            16,
            64,
            30,
            14,
            22,
            54,
            60,
            30,
            0
        ]
    ]
}