{
    "trial_id": "config_483_rep_1",
    "synthesis_params": {
        "densities": [
            30,
            90,
            100
        ],
        "grain_size": 4800,
        "grain_sizes": [
            48,
            48,
            48
        ],
        "config_seed": 75334,
        "seed_grain_sampling": 43301,
        "seed_state_sampling": 43887,
        "seed_grain_pos_sampling": 85858,
        "n_streams": 2,
        "window": "hanning",
        "n_clusters": 2,
        "n_iterations": 20,
        "delta_t_samples": 48000,
        "init_states": [
            17,
            0
        ],
        "n_states": 18
    },
    "metrics": {
        "centroid_mean": 4501.8740234375,
        "centroid_std": 1557.2281494140625,
        "centroid_skewness": -0.04247184470295906,
        "flatness_mean": 0.2371199131011963,
        "flatness_std": 0.09185906499624252,
        "flatness_skewness": -0.16452576220035553,
        "flux_mean": 324.46368408203125,
        "flux_std": 641.26171875,
        "flux_skewness": 4.034036159515381
    },
    "markov_chains": [
        [
            17,
            6,
            7,
            1,
            12,
            5,
            14,
            2,
            15,
            3,
            16,
            7,
            4,
            7,
            7,
            10,
            16,
            8,
            13,
            14,
            8
        ],
        [
            0,
            13,
            14,
            8,
            8,
            8,
            0,
            9,
            8,
            3,
            5,
            14,
            3,
            5,
            1,
            14,
            11,
            13,
            6,
            3,
            2
        ]
    ]
}