{
    "trial_id": "config_216_rep_2",
    "synthesis_params": {
        "densities": [
            1,
            1,
            1
        ],
        "grain_size": 4800,
        "grain_sizes": [
            48,
            1920,
            4800
        ],
        "config_seed": 9417,
        "seed_grain_sampling": 69736,
        "seed_state_sampling": 8594,
        "seed_grain_pos_sampling": 20146,
        "n_streams": 2,
        "window": "hanning",
        "n_clusters": 8,
        "n_iterations": 20,
        "delta_t_samples": 48000,
        "init_states": [
            2,
            44
        ],
        "n_states": 72
    },
    "metrics": {
        "centroid_mean": 559.5918579101562,
        "centroid_std": 1428.8726806640625,
        "centroid_skewness": 2.8875701427459717,
        "flatness_mean": 0.022915279492735863,
        "flatness_std": 0.06380254030227661,
        "flatness_skewness": 3.7698521614074707,
        "flux_mean": 238.37301635742188,
        "flux_std": 1832.338134765625,
        "flux_skewness": 13.002474784851074
    },
    "markov_chains": [
        [
            2,
            34,
            70,
            64,
            37,
            63,
            61,
            20,
            18,
            13,
            5,
            27,
            14,
            10,
            5,
            24,
            41,
            17,
            57,
            4,
            4
        ],
        [
            44,
            54,
            13,
            7,
            54,
            8,
            60,
            22,
            62,
            50,
            63,
            26,
            70,
            61,
            30,
            55,
            48,
            22,
            61,
            15,
            32
        ]
    ]
}