{
    "trial_id": "config_133_rep_1",
    "synthesis_params": {
        "densities": [
            10,
            10,
            10
        ],
        "grain_size": 4800,
        "grain_sizes": [
            48,
            48,
            48
        ],
        "config_seed": 9417,
        "seed_grain_sampling": 43301,
        "seed_state_sampling": 43887,
        "seed_grain_pos_sampling": 85858,
        "n_streams": 4,
        "window": "hanning",
        "n_clusters": 5,
        "n_iterations": 20,
        "delta_t_samples": 48000,
        "init_states": [
            1,
            27,
            38,
            21
        ],
        "n_states": 45
    },
    "metrics": {
        "centroid_mean": 3484.303466796875,
        "centroid_std": 2473.413330078125,
        "centroid_skewness": 0.5484188795089722,
        "flatness_mean": 0.1876562237739563,
        "flatness_std": 0.13385643064975739,
        "flatness_skewness": 0.33025383949279785,
        "flux_mean": 476.75543212890625,
        "flux_std": 1214.380126953125,
        "flux_skewness": 5.937635898590088
    },
    "markov_chains": [
        [
            1,
            15,
            17,
            4,
            28,
            12,
            30,
            8,
            40,
            10,
            42,
            14,
            17,
            18,
            20,
            27,
            40,
            21,
            37,
            33,
            29
        ],
        [
            27,
            31,
            36,
            24,
            24,
            23,
            0,
            19,
            24,
            6,
            14,
            34,
            11,
            17,
            5,
            35,
            32,
            34,
            17,
            6,
            8
        ],
        [
            38,
            43,
            7,
            8,
            43,
            43,
            19,
            42,
            21,
            7,
            29,
            30,
            21,
            2,
            22,
            19,
            14,
            4,
            2,
            37,
            25
        ],
        [
            21,
            19,
            44,
            25,
            8,
            22,
            9,
            39,
            23,
            14,
            41,
            30,
            12,
            40,
            23,
            8,
            12,
            35,
            35,
            17,
            1
        ]
    ]
}