{
    "trial_id": "config_183_rep_1",
    "synthesis_params": {
        "densities": [
            10,
            10,
            10
        ],
        "grain_size": 4800,
        "grain_sizes": [
            1920,
            1920,
            1920
        ],
        "config_seed": 9417,
        "seed_grain_sampling": 43301,
        "seed_state_sampling": 43887,
        "seed_grain_pos_sampling": 85858,
        "n_streams": 4,
        "window": "hanning",
        "n_clusters": 2,
        "n_iterations": 20,
        "delta_t_samples": 48000,
        "init_states": [
            0,
            11,
            15,
            8
        ],
        "n_states": 18
    },
    "metrics": {
        "centroid_mean": 3395.133544921875,
        "centroid_std": 1377.44873046875,
        "centroid_skewness": 0.2329745888710022,
        "flatness_mean": 0.11458825320005417,
        "flatness_std": 0.050197783857584,
        "flatness_skewness": 0.5006982684135437,
        "flux_mean": 2138.783935546875,
        "flux_std": 3679.48095703125,
        "flux_skewness": 3.1226983070373535
    },
    "markov_chains": [
        [
            0,
            5,
            6,
            2,
            11,
            6,
            12,
            3,
            14,
            2,
            17,
            6,
            7,
            6,
            8,
            9,
            16,
            5,
            13,
            12,
            10
        ],
        [
            11,
            13,
            13,
            10,
            8,
            8,
            0,
            8,
            8,
            4,
            6,
            14,
            2,
            6,
            2,
            13,
            12,
            14,
            5,
            2,
            3
        ],
        [
            15,
            15,
            3,
            5,
            16,
            17,
            8,
            17,
            9,
            4,
            11,
            11,
            11,
            2,
            8,
            8,
            6,
            1,
            1,
            14,
            8
        ],
        [
            8,
            6,
            17,
            9,
            6,
            8,
            5,
            15,
            8,
            6,
            16,
            8,
            5,
            15,
            8,
            5,
            3,
            13,
            14,
            6,
            1
        ]
    ]
}