{
    "trial_id": "config_366_rep_2",
    "synthesis_params": {
        "densities": [
            10,
            10,
            10
        ],
        "grain_size": 4800,
        "grain_sizes": [
            48,
            48,
            48
        ],
        "config_seed": 9446,
        "seed_grain_sampling": 69736,
        "seed_state_sampling": 8594,
        "seed_grain_pos_sampling": 20146,
        "n_streams": 16,
        "window": "rev_exp",
        "n_clusters": 8,
        "n_iterations": 20,
        "delta_t_samples": 48000,
        "init_states": [
            22,
            6,
            60,
            71,
            60,
            30,
            46,
            59,
            71,
            4,
            30,
            33,
            52,
            67,
            23,
            61
        ],
        "n_states": 72
    },
    "metrics": {
        "centroid_mean": 5904.642578125,
        "centroid_std": 1047.381591796875,
        "centroid_skewness": 0.7974902987480164,
        "flatness_mean": 0.5371339917182922,
        "flatness_std": 0.06930626928806305,
        "flatness_skewness": -0.832588791847229,
        "flux_mean": 353.4518127441406,
        "flux_std": 824.3150024414062,
        "flux_skewness": 5.500763416290283
    },
    "markov_chains": [
        [
            22,
            29,
            70,
            62,
            43,
            67,
            61,
            21,
            17,
            12,
            4,
            31,
            18,
            8,
            6,
            27,
            41,
            23,
            60,
            5,
            7
        ],
        [
            6,
            53,
            13,
            6,
            52,
            10,
            61,
            18,
            64,
            48,
            64,
            29,
            68,
            62,
            32,
            54,
            54,
            23,
            64,
            18,
            34
        ],
        [
            60,
            67,
            61,
            40,
            37,
            32,
            47,
            47,
            59,
            66,
            25,
            21,
            61,
            46,
            71,
            62,
            17,
            8,
            7,
            57,
            56
        ],
        [
            71,
            43,
            56,
            29,
            14,
            32,
            20,
            66,
            8,
            32,
            65,
            6,
            7,
            25,
            16,
            61,
            11,
            34,
            68,
            51,
            65
        ],
        [
            60,
            3,
            24,
            31,
            31,
            60,
            9,
            2,
            36,
            34,
            2,
            22,
            17,
            47,
            3,
            0,
            63,
            29,
            21,
            37,
            56
        ],
        [
            30,
            36,
            56,
            71,
            53,
            13,
            54,
            68,
            37,
            52,
            43,
            39,
            15,
            53,
            6,
            58,
            19,
            0,
            16,
            36,
            36
        ],
        [
            46,
            0,
            33,
            37,
            46,
            0,
            44,
            43,
            32,
            39,
            57,
            14,
            61,
            28,
            14,
            61,
            27,
            52,
            0,
            67,
            64
        ],
        [
            59,
            57,
            67,
            58,
            43,
            23,
            12,
            15,
            15,
            24,
            20,
            57,
            20,
            33,
            65,
            3,
            31,
            41,
            24,
            40,
            20
        ],
        [
            71,
            8,
            63,
            29,
            51,
            21,
            1,
            40,
            13,
            23,
            6,
            19,
            28,
            65,
            55,
            37,
            3,
            13,
            51,
            10,
            48
        ],
        [
            4,
            70,
            23,
            38,
            9,
            25,
            39,
            17,
            59,
            33,
            11,
            40,
            53,
            66,
            2,
            58,
            57,
            18,
            42,
            48,
            0
        ],
        [
            30,
            30,
            40,
            47,
            26,
            61,
            47,
            2,
            7,
            37,
            65,
            31,
            19,
            59,
            17,
            32,
            52,
            35,
            69,
            59,
            65
        ],
        [
            33,
            31,
            6,
            34,
            14,
            61,
            67,
            51,
            11,
            7,
            17,
            19,
            30,
            65,
            47,
            54,
            14,
            35,
            64,
            17,
            47
        ],
        [
            52,
            15,
            12,
            53,
            42,
            34,
            39,
            19,
            18,
            48,
            11,
            47,
            52,
            61,
            37,
            47,
            32,
            8,
            39,
            8,
            66
        ],
        [
            67,
            69,
            32,
            61,
            32,
            47,
            33,
            53,
            48,
            46,
            70,
            6,
            25,
            46,
            20,
            32,
            27,
            50,
            47,
            44,
            43
        ],
        [
            23,
            29,
            36,
            8,
            30,
            49,
            61,
            1,
            65,
            30,
            5,
            42,
            67,
            1,
            40,
            33,
            69,
            63,
            30,
            61,
            36
        ],
        [
            61,
            32,
            7,
            43,
            31,
            4,
            19,
            10,
            30,
            26,
            45,
            64,
            57,
            61,
            29,
            27,
            38,
            17,
            7,
            59,
            53
        ]
    ]
}