{
    "trial_id": "config_383_rep_1",
    "synthesis_params": {
        "densities": [
            10,
            10,
            10
        ],
        "grain_size": 4800,
        "grain_sizes": [
            4800,
            48,
            4800
        ],
        "config_seed": 36720,
        "seed_grain_sampling": 43301,
        "seed_state_sampling": 43887,
        "seed_grain_pos_sampling": 85858,
        "n_streams": 16,
        "window": "hanning",
        "n_clusters": 8,
        "n_iterations": 20,
        "delta_t_samples": 48000,
        "init_states": [
            18,
            71,
            66,
            17,
            71,
            5,
            49,
            36,
            4,
            44,
            19,
            39,
            37,
            20,
            50,
            33
        ],
        "n_states": 72
    },
    "metrics": {
        "centroid_mean": 3649.490478515625,
        "centroid_std": 977.58935546875,
        "centroid_skewness": 0.5303825736045837,
        "flatness_mean": 0.15901507437229156,
        "flatness_std": 0.04880533739924431,
        "flatness_skewness": 0.9418075084686279,
        "flux_mean": 2981.427978515625,
        "flux_std": 3382.112060546875,
        "flux_skewness": 2.6793315410614014
    },
    "markov_chains": [
        [
            18,
            23,
            27,
            7,
            43,
            21,
            45,
            10,
            61,
            12,
            68,
            22,
            25,
            30,
            29,
            39,
            64,
            29,
            55,
            52,
            41
        ],
        [
            71,
            52,
            53,
            39,
            42,
            39,
            0,
            29,
            33,
            8,
            24,
            50,
            18,
            28,
            11,
            57,
            53,
            55,
            23,
            14,
            13
        ],
        [
            66,
            71,
            9,
            13,
            69,
            67,
            36,
            66,
            41,
            6,
            50,
            44,
            40,
            3,
            30,
            34,
            26,
            9,
            2,
            62,
            44
        ],
        [
            17,
            26,
            71,
            33,
            11,
            35,
            13,
            63,
            42,
            27,
            65,
            44,
            16,
            63,
            41,
            16,
            20,
            54,
            60,
            26,
            2
        ],
        [
            71,
            12,
            63,
            47,
            64,
            3,
            58,
            34,
            17,
            47,
            33,
            31,
            12,
            18,
            1,
            40,
            38,
            33,
            46,
            46,
            1
        ],
        [
            5,
            71,
            19,
            5,
            67,
            61,
            0,
            66,
            5,
            34,
            19,
            52,
            55,
            41,
            15,
            26,
            59,
            55,
            35,
            24,
            2
        ],
        [
            49,
            34,
            65,
            23,
            60,
            65,
            52,
            4,
            16,
            0,
            39,
            18,
            12,
            53,
            39,
            43,
            4,
            5,
            20,
            63,
            5
        ],
        [
            36,
            31,
            18,
            8,
            4,
            50,
            30,
            12,
            33,
            5,
            55,
            55,
            58,
            25,
            32,
            46,
            41,
            49,
            2,
            70,
            45
        ],
        [
            4,
            35,
            20,
            46,
            26,
            48,
            13,
            67,
            56,
            51,
            29,
            37,
            46,
            55,
            66,
            57,
            0,
            18,
            12,
            27,
            67
        ],
        [
            44,
            12,
            42,
            46,
            40,
            42,
            49,
            27,
            7,
            63,
            62,
            36,
            12,
            21,
            34,
            35,
            50,
            17,
            59,
            34,
            27
        ],
        [
            19,
            7,
            34,
            41,
            38,
            54,
            69,
            5,
            6,
            13,
            53,
            66,
            7,
            35,
            35,
            9,
            56,
            2,
            37,
            58,
            34
        ],
        [
            39,
            62,
            30,
            55,
            16,
            18,
            57,
            58,
            40,
            42,
            32,
            4,
            14,
            67,
            32,
            20,
            6,
            24,
            27,
            32,
            8
        ],
        [
            37,
            25,
            35,
            27,
            10,
            55,
            39,
            65,
            13,
            67,
            33,
            31,
            8,
            35,
            53,
            61,
            53,
            64,
            19,
            14,
            37
        ],
        [
            20,
            21,
            4,
            26,
            18,
            60,
            58,
            41,
            39,
            31,
            9,
            15,
            67,
            18,
            2,
            47,
            58,
            22,
            68,
            28,
            37
        ],
        [
            50,
            19,
            41,
            65,
            42,
            69,
            49,
            40,
            1,
            55,
            45,
            10,
            41,
            38,
            43,
            30,
            53,
            53,
            67,
            28,
            0
        ],
        [
            33,
            26,
            63,
            17,
            52,
            63,
            11,
            26,
            27,
            66,
            50,
            70,
            67,
            56,
            34,
            17,
            29,
            31,
            66,
            6,
            30
        ]
    ]
}