{
    "trial_id": "config_33_rep_1",
    "synthesis_params": {
        "densities": [
            1,
            1,
            1
        ],
        "grain_size": 4800,
        "grain_sizes": [
            48,
            1920,
            4800
        ],
        "config_seed": 70051,
        "seed_grain_sampling": 43301,
        "seed_state_sampling": 43887,
        "seed_grain_pos_sampling": 85858,
        "n_streams": 4,
        "window": "hanning",
        "n_clusters": 8,
        "n_iterations": 20,
        "delta_t_samples": 48000,
        "init_states": [
            8,
            56,
            10,
            66
        ],
        "n_states": 72
    },
    "metrics": {
        "centroid_mean": 1027.6937255859375,
        "centroid_std": 1797.31982421875,
        "centroid_skewness": 1.7217873334884644,
        "flatness_mean": 0.039932381361722946,
        "flatness_std": 0.08028887957334518,
        "flatness_skewness": 2.7770168781280518,
        "flux_mean": 555.467529296875,
        "flux_std": 2569.701416015625,
        "flux_skewness": 8.632444381713867
    },
    "markov_chains": [
        [
            8,
            26,
            26,
            6,
            46,
            23,
            48,
            9,
            60,
            16,
            67,
            27,
            30,
            28,
            30,
            43,
            61,
            35,
            59,
            56,
            38
        ],
        [
            56,
            48,
            57,
            42,
            35,
            39,
            0,
            27,
            40,
            9,
            25,
            55,
            15,
            28,
            8,
            55,
            48,
            56,
            25,
            11,
            12
        ],
        [
            10,
            71,
            11,
            15,
            69,
            68,
            34,
            66,
            41,
            8,
            51,
            48,
            45,
            4,
            30,
            34,
            27,
            8,
            3,
            62,
            45
        ],
        [
            66,
            18,
            71,
            34,
            16,
            31,
            13,
            63,
            32,
            25,
            63,
            40,
            16,
            62,
            41,
            15,
            19,
            58,
            56,
            29,
            4
        ]
    ]
}