{
    "trial_id": "config_150_rep_0",
    "synthesis_params": {
        "densities": [
            10,
            10,
            10
        ],
        "grain_size": 4800,
        "grain_sizes": [
            4800,
            48,
            4800
        ],
        "config_seed": 9417,
        "seed_grain_sampling": 77394,
        "seed_state_sampling": 8925,
        "seed_grain_pos_sampling": 65456,
        "n_streams": 4,
        "window": "hanning",
        "n_clusters": 2,
        "n_iterations": 20,
        "delta_t_samples": 48000,
        "init_states": [
            0,
            11,
            15,
            8
        ],
        "n_states": 18
    },
    "metrics": {
        "centroid_mean": 3461.330078125,
        "centroid_std": 1307.221923828125,
        "centroid_skewness": 0.21262885630130768,
        "flatness_mean": 0.13642802834510803,
        "flatness_std": 0.06673657894134521,
        "flatness_skewness": 1.5635781288146973,
        "flux_mean": 1059.884765625,
        "flux_std": 1835.6370849609375,
        "flux_skewness": 4.29254150390625
    },
    "markov_chains": [
        [
            0,
            16,
            11,
            13,
            2,
            3,
            11,
            16,
            0,
            11,
            5,
            8,
            14,
            7,
            1,
            5,
            7,
            3,
            8,
            8,
            4
        ],
        [
            11,
            6,
            8,
            11,
            8,
            12,
            2,
            17,
            12,
            4,
            0,
            6,
            10,
            12,
            2,
            13,
            4,
            2,
            13,
            4,
            4
        ],
        [
            15,
            10,
            16,
            17,
            5,
            2,
            10,
            16,
            1,
            5,
            0,
            11,
            13,
            1,
            2,
            8,
            12,
            17,
            0,
            0,
            13
        ],
        [
            8,
            7,
            14,
            4,
            3,
            3,
            1,
            14,
            14,
            8,
            4,
            0,
            11,
            3,
            3,
            6,
            17,
            2,
            8,
            8,
            6
        ]
    ]
}