{
    "trial_id": "config_416_rep_2",
    "synthesis_params": {
        "densities": [
            30,
            90,
            100
        ],
        "grain_size": 4800,
        "grain_sizes": [
            4800,
            4800,
            4800
        ],
        "config_seed": 19977,
        "seed_grain_sampling": 69736,
        "seed_state_sampling": 8594,
        "seed_grain_pos_sampling": 20146,
        "n_streams": 4,
        "window": "hanning",
        "n_clusters": 5,
        "n_iterations": 20,
        "delta_t_samples": 48000,
        "init_states": [
            40,
            20,
            22,
            13
        ],
        "n_states": 45
    },
    "metrics": {
        "centroid_mean": 3310.96484375,
        "centroid_std": 799.4065551757812,
        "centroid_skewness": -0.08621834963560104,
        "flatness_mean": 0.11294153332710266,
        "flatness_std": 0.028331032022833824,
        "flatness_skewness": 0.1264714151620865,
        "flux_mean": 1075.99169921875,
        "flux_std": 1658.21826171875,
        "flux_skewness": 4.763108730316162
    },
    "markov_chains": [
        [
            40,
            14,
            44,
            40,
            22,
            40,
            37,
            13,
            9,
            7,
            3,
            18,
            9,
            6,
            3,
            17,
            27,
            12,
            36,
            6,
            4
        ],
        [
            20,
            31,
            9,
            4,
            29,
            3,
            37,
            9,
            39,
            32,
            40,
            12,
            41,
            37,
            19,
            35,
            32,
            13,
            41,
            10,
            21
        ],
        [
            22,
            42,
            39,
            24,
            20,
            19,
            32,
            32,
            38,
            43,
            15,
            15,
            40,
            31,
            44,
            40,
            7,
            5,
            6,
            37,
            33
        ],
        [
            13,
            27,
            35,
            20,
            8,
            24,
            13,
            43,
            6,
            20,
            42,
            3,
            5,
            15,
            11,
            37,
            5,
            22,
            42,
            31,
            40
        ]
    ]
}