{
    "trial_id": "config_66_rep_2",
    "synthesis_params": {
        "densities": [
            1,
            1,
            1
        ],
        "grain_size": 4800,
        "grain_sizes": [
            48,
            1920,
            4800
        ],
        "config_seed": 47570,
        "seed_grain_sampling": 69736,
        "seed_state_sampling": 8594,
        "seed_grain_pos_sampling": 20146,
        "n_streams": 4,
        "window": "hanning",
        "n_clusters": 8,
        "n_iterations": 20,
        "delta_t_samples": 48000,
        "init_states": [
            25,
            17,
            14,
            47
        ],
        "n_states": 72
    },
    "metrics": {
        "centroid_mean": 1047.71142578125,
        "centroid_std": 1916.5794677734375,
        "centroid_skewness": 1.9400328397750854,
        "flatness_mean": 0.04246499016880989,
        "flatness_std": 0.0839843824505806,
        "flatness_skewness": 2.4897067546844482,
        "flux_mean": 523.7607421875,
        "flux_std": 2502.62890625,
        "flux_skewness": 7.953375339508057
    },
    "markov_chains": [
        [
            25,
            32,
            71,
            64,
            42,
            65,
            59,
            19,
            15,
            15,
            5,
            26,
            17,
            8,
            4,
            26,
            45,
            19,
            56,
            5,
            7
        ],
        [
            17,
            48,
            10,
            7,
            53,
            10,
            61,
            18,
            65,
            49,
            64,
            26,
            69,
            58,
            30,
            51,
            46,
            23,
            63,
            19,
            28
        ],
        [
            14,
            69,
            58,
            39,
            28,
            30,
            46,
            51,
            56,
            69,
            25,
            21,
            63,
            52,
            69,
            60,
            15,
            11,
            9,
            58,
            51
        ],
        [
            47,
            42,
            59,
            21,
            12,
            22,
            18,
            67,
            9,
            36,
            61,
            5,
            7,
            22,
            12,
            56,
            10,
            32,
            69,
            49,
            64
        ]
    ]
}