{
    "trial_id": "config_400_rep_0",
    "synthesis_params": {
        "densities": [
            100,
            300,
            900
        ],
        "grain_size": 4800,
        "grain_sizes": [
            48,
            48,
            48
        ],
        "config_seed": 78605,
        "seed_grain_sampling": 77394,
        "seed_state_sampling": 8925,
        "seed_grain_pos_sampling": 65456,
        "n_streams": 1,
        "window": "expodec",
        "n_clusters": 8,
        "n_iterations": 20,
        "delta_t_samples": 48000,
        "init_states": [
            45
        ],
        "n_states": 72
    },
    "metrics": {
        "centroid_mean": 981.39208984375,
        "centroid_std": 2003.0009765625,
        "centroid_skewness": 1.6768373250961304,
        "flatness_mean": 0.08834784477949142,
        "flatness_std": 0.18979397416114807,
        "flatness_skewness": 1.9042272567749023,
        "flux_mean": 75.19390106201172,
        "flux_std": 266.84063720703125,
        "flux_skewness": 5.653032302856445
    },
    "markov_chains": [
        [
            45,
            67,
            49,
            45,
            10,
            14,
            49,
            62,
            6,
            38,
            15,
            41,
            57,
            33,
            7,
            19,
            24,
            21,
            33,
            34,
            8
        ]
    ]
}