{
    "trial_id": "config_100_rep_0",
    "synthesis_params": {
        "densities": [
            100,
            300,
            900
        ],
        "grain_size": 4800,
        "grain_sizes": [
            48,
            48,
            48
        ],
        "config_seed": 56873,
        "seed_grain_sampling": 77394,
        "seed_state_sampling": 8925,
        "seed_grain_pos_sampling": 65456,
        "n_streams": 1,
        "window": "rexpodec",
        "n_clusters": 8,
        "n_iterations": 20,
        "delta_t_samples": 48000,
        "init_states": [
            15
        ],
        "n_states": 72
    },
    "metrics": {
        "centroid_mean": 735.7608642578125,
        "centroid_std": 1572.6153564453125,
        "centroid_skewness": 1.9910615682601929,
        "flatness_mean": 0.06767506152391434,
        "flatness_std": 0.14804424345493317,
        "flatness_skewness": 2.098679304122925,
        "flux_mean": 485.5245666503906,
        "flux_std": 1616.483154296875,
        "flux_skewness": 4.313817024230957
    },
    "markov_chains": [
        [
            15,
            64,
            53,
            52,
            8,
            16,
            51,
            65,
            3,
            40,
            11,
            36,
            56,
            34,
            7,
            13,
            32,
            17,
            39,
            36,
            10
        ]
    ]
}