{
    "trial_id": "config_700_rep_0",
    "synthesis_params": {
        "densities": [
            100,
            300,
            900
        ],
        "grain_size": 4800,
        "grain_sizes": [
            48,
            1920,
            4800
        ],
        "config_seed": 79923,
        "seed_grain_sampling": 77394,
        "seed_state_sampling": 8925,
        "seed_grain_pos_sampling": 65456,
        "n_streams": 1,
        "window": "sinc_envelope",
        "n_clusters": 3,
        "n_iterations": 20,
        "delta_t_samples": 48000,
        "init_states": [
            18
        ],
        "n_states": 27
    },
    "metrics": {
        "centroid_mean": 247.41529846191406,
        "centroid_std": 643.9149780273438,
        "centroid_skewness": 2.634647846221924,
        "flatness_mean": 0.010975165292620659,
        "flatness_std": 0.02821342833340168,
        "flatness_skewness": 2.540419340133667,
        "flux_mean": 1412.1531982421875,
        "flux_std": 4198.86376953125,
        "flux_skewness": 3.6000595092773438
    },
    "markov_chains": [
        [
            18,
            22,
            17,
            19,
            2,
            4,
            18,
            22,
            1,
            14,
            5,
            12,
            21,
            15,
            1,
            4,
            8,
            7,
            15,
            12,
            2
        ]
    ]
}