{
    "trial_id": "config_200_rep_0",
    "synthesis_params": {
        "densities": [
            10,
            10,
            10
        ],
        "grain_size": 4800,
        "grain_sizes": [
            1920,
            1920,
            1920
        ],
        "config_seed": 78605,
        "seed_grain_sampling": 77394,
        "seed_state_sampling": 8925,
        "seed_grain_pos_sampling": 65456,
        "n_streams": 1,
        "window": "rexpodec",
        "n_clusters": 3,
        "n_iterations": 20,
        "delta_t_samples": 48000,
        "init_states": [
            17
        ],
        "n_states": 27
    },
    "metrics": {
        "centroid_mean": 167.50030517578125,
        "centroid_std": 632.566162109375,
        "centroid_skewness": 4.605865955352783,
        "flatness_mean": 0.012793011963367462,
        "flatness_std": 0.05549272149801254,
        "flatness_skewness": 6.270169258117676,
        "flux_mean": 217.55897521972656,
        "flux_std": 1429.3031005859375,
        "flux_skewness": 9.534120559692383
    },
    "markov_chains": [
        [
            17,
            24,
            19,
            19,
            3,
            6,
            16,
            23,
            1,
            16,
            4,
            13,
            20,
            12,
            2,
            5,
            11,
            8,
            13,
            12,
            3
        ]
    ]
}