{
    "trial_id": "config_300_rep_0",
    "synthesis_params": {
        "densities": [
            1,
            3,
            9
        ],
        "grain_size": 4800,
        "grain_sizes": [
            1920,
            1920,
            1920
        ],
        "config_seed": 78605,
        "seed_grain_sampling": 77394,
        "seed_state_sampling": 8925,
        "seed_grain_pos_sampling": 65456,
        "n_streams": 1,
        "window": "rexpodec",
        "n_clusters": 2,
        "n_iterations": 20,
        "delta_t_samples": 48000,
        "init_states": [
            11
        ],
        "n_states": 18
    },
    "metrics": {
        "centroid_mean": 35.35881042480469,
        "centroid_std": 332.5931091308594,
        "centroid_skewness": 11.165997505187988,
        "flatness_mean": 0.0030510162468999624,
        "flatness_std": 0.03275217115879059,
        "flatness_skewness": 13.609649658203125,
        "flux_mean": 32.28596878051758,
        "flux_std": 564.2161865234375,
        "flux_skewness": 23.951568603515625
    },
    "markov_chains": [
        [
            11,
            14,
            13,
            10,
            1,
            2,
            14,
            16,
            0,
            10,
            5,
            10,
            13,
            7,
            3,
            4,
            7,
            5,
            10,
            9,
            2
        ]
    ]
}