{
    "trial_id": "config_600_rep_0",
    "synthesis_params": {
        "densities": [
            30,
            90,
            100
        ],
        "grain_size": 4800,
        "grain_sizes": [
            4800,
            4800,
            4800
        ],
        "config_seed": 63955,
        "seed_grain_sampling": 77394,
        "seed_state_sampling": 8925,
        "seed_grain_pos_sampling": 65456,
        "n_streams": 4,
        "window": "hanning",
        "n_clusters": 2,
        "n_iterations": 20,
        "delta_t_samples": 48000,
        "init_states": [
            16,
            9,
            3,
            4
        ],
        "n_states": 18
    },
    "metrics": {
        "centroid_mean": 655.830810546875,
        "centroid_std": 952.5686645507812,
        "centroid_skewness": 1.0886670351028442,
        "flatness_mean": 0.024876786395907402,
        "flatness_std": 0.03819738328456879,
        "flatness_skewness": 1.3480074405670166,
        "flux_mean": 509.832763671875,
        "flux_std": 1222.225830078125,
        "flux_skewness": 3.7215747833251953
    },
    "markov_chains": [
        [
            16,
            17,
            14,
            13,
            1,
            5,
            14,
            16,
            0,
            9,
            3,
            11,
            13,
            7,
            1,
            5,
            9,
            4,
            10,
            9,
            2
        ],
        [
            9,
            4,
            7,
            11,
            8,
            15,
            1,
            17,
            15,
            4,
            0,
            6,
            11,
            11,
            3,
            14,
            2,
            2,
            11,
            3,
            3
        ],
        [
            3,
            13,
            13,
            17,
            6,
            2,
            10,
            16,
            3,
            2,
            1,
            9,
            11,
            1,
            2,
            8,
            14,
            17,
            0,
            0,
            10
        ],
        [
            4,
            7,
            11,
            5,
            4,
            1,
            1,
            13,
            13,
            8,
            2,
            1,
            9,
            2,
            2,
            6,
            17,
            0,
            8,
            8,
            5
        ]
    ]
}