{
    "trial_id": "config_433_rep_1",
    "synthesis_params": {
        "densities": [
            30,
            90,
            100
        ],
        "grain_size": 4800,
        "grain_sizes": [
            1920,
            1920,
            1920
        ],
        "config_seed": 13221,
        "seed_grain_sampling": 43301,
        "seed_state_sampling": 43887,
        "seed_grain_pos_sampling": 85858,
        "n_streams": 4,
        "window": "rev_exp",
        "n_clusters": 3,
        "n_iterations": 20,
        "delta_t_samples": 48000,
        "init_states": [
            26,
            10,
            10,
            18
        ],
        "n_states": 27
    },
    "metrics": {
        "centroid_mean": 2425.3974609375,
        "centroid_std": 577.2477416992188,
        "centroid_skewness": 0.9098940491676331,
        "flatness_mean": 0.2069573998451233,
        "flatness_std": 0.05620291829109192,
        "flatness_skewness": 0.5644220113754272,
        "flux_mean": 2625.439208984375,
        "flux_std": 3427.93212890625,
        "flux_skewness": 3.983219623565674
    },
    "markov_chains": [
        [
            26,
            6,
            6,
            1,
            18,
            7,
            17,
            6,
            20,
            4,
            25,
            9,
            9,
            12,
            6,
            12,
            21,
            13,
            20,
            17,
            15
        ],
        [
            10,
            14,
            21,
            16,
            16,
            15,
            0,
            10,
            9,
            3,
            6,
            16,
            9,
            11,
            3,
            19,
            18,
            18,
            9,
            5,
            8
        ],
        [
            10,
            26,
            3,
            3,
            26,
            26,
            13,
            25,
            14,
            2,
            21,
            18,
            15,
            0,
            11,
            14,
            7,
            6,
            0,
            22,
            14
        ],
        [
            18,
            7,
            25,
            13,
            5,
            14,
            4,
            22,
            13,
            10,
            23,
            14,
            5,
            24,
            14,
            4,
            6,
            17,
            21,
            13,
            0
        ]
    ]
}