{
    "trial_id": "config_150_rep_0",
    "synthesis_params": {
        "densities": [
            10,
            10,
            10
        ],
        "grain_size": 4800,
        "grain_sizes": [
            4800,
            48,
            4800
        ],
        "config_seed": 9417,
        "seed_grain_sampling": 77394,
        "seed_state_sampling": 8925,
        "seed_grain_pos_sampling": 65456,
        "n_streams": 4,
        "window": "hanning",
        "n_clusters": 2,
        "n_iterations": 20,
        "delta_t_samples": 48000,
        "init_states": [
            0,
            11,
            15,
            8
        ],
        "n_states": 18
    },
    "metrics": {
        "centroid_mean": 1537.9173583984375,
        "centroid_std": 570.5335693359375,
        "centroid_skewness": 0.8789812326431274,
        "flatness_mean": 0.0635189414024353,
        "flatness_std": 0.030074821785092354,
        "flatness_skewness": 1.100161075592041,
        "flux_mean": 1226.2296142578125,
        "flux_std": 2062.285888671875,
        "flux_skewness": 3.9994475841522217
    },
    "markov_chains": [
        [
            0,
            16,
            11,
            13,
            2,
            3,
            11,
            16,
            0,
            11,
            5,
            8,
            14,
            7,
            1,
            5,
            7,
            3,
            8,
            8,
            4
        ],
        [
            11,
            6,
            8,
            11,
            8,
            12,
            2,
            17,
            12,
            4,
            0,
            6,
            10,
            12,
            2,
            13,
            4,
            2,
            13,
            4,
            4
        ],
        [
            15,
            10,
            16,
            17,
            5,
            2,
            10,
            16,
            1,
            5,
            0,
            11,
            13,
            1,
            2,
            8,
            12,
            17,
            0,
            0,
            13
        ],
        [
            8,
            7,
            14,
            4,
            3,
            3,
            1,
            14,
            14,
            8,
            4,
            0,
            11,
            3,
            3,
            6,
            17,
            2,
            8,
            8,
            6
        ]
    ]
}