{
    "trial_id": "config_183_rep_1",
    "synthesis_params": {
        "densities": [
            10,
            10,
            10
        ],
        "grain_size": 4800,
        "grain_sizes": [
            1920,
            1920,
            1920
        ],
        "config_seed": 9417,
        "seed_grain_sampling": 43301,
        "seed_state_sampling": 43887,
        "seed_grain_pos_sampling": 85858,
        "n_streams": 4,
        "window": "hanning",
        "n_clusters": 2,
        "n_iterations": 20,
        "delta_t_samples": 48000,
        "init_states": [
            0,
            11,
            15,
            8
        ],
        "n_states": 18
    },
    "metrics": {
        "centroid_mean": 1410.9066162109375,
        "centroid_std": 751.3555908203125,
        "centroid_skewness": 1.9145069122314453,
        "flatness_mean": 0.05830997973680496,
        "flatness_std": 0.0341343879699707,
        "flatness_skewness": 1.3261322975158691,
        "flux_mean": 1460.323486328125,
        "flux_std": 2832.697265625,
        "flux_skewness": 5.839646816253662
    },
    "markov_chains": [
        [
            0,
            5,
            6,
            2,
            11,
            6,
            12,
            3,
            14,
            2,
            17,
            6,
            7,
            6,
            8,
            9,
            16,
            5,
            13,
            12,
            10
        ],
        [
            11,
            13,
            13,
            10,
            8,
            8,
            0,
            8,
            8,
            4,
            6,
            14,
            2,
            6,
            2,
            13,
            12,
            14,
            5,
            2,
            3
        ],
        [
            15,
            15,
            3,
            5,
            16,
            17,
            8,
            17,
            9,
            4,
            11,
            11,
            11,
            2,
            8,
            8,
            6,
            1,
            1,
            14,
            8
        ],
        [
            8,
            6,
            17,
            9,
            6,
            8,
            5,
            15,
            8,
            6,
            16,
            8,
            5,
            15,
            8,
            5,
            3,
            13,
            14,
            6,
            1
        ]
    ]
}