{
    "trial_id": "config_450_rep_0",
    "synthesis_params": {
        "densities": [
            10,
            10,
            10
        ],
        "grain_size": 4800,
        "grain_sizes": [
            4800,
            48,
            4800
        ],
        "config_seed": 10589,
        "seed_grain_sampling": 77394,
        "seed_state_sampling": 8925,
        "seed_grain_pos_sampling": 65456,
        "n_streams": 16,
        "window": "hanning",
        "n_clusters": 8,
        "n_iterations": 20,
        "delta_t_samples": 48000,
        "init_states": [
            23,
            66,
            67,
            28,
            61,
            47,
            47,
            66,
            38,
            70,
            13,
            39,
            47,
            29,
            8,
            44
        ],
        "n_states": 72
    },
    "metrics": {
        "centroid_mean": 1666.54541015625,
        "centroid_std": 612.9912109375,
        "centroid_skewness": 1.3857834339141846,
        "flatness_mean": 0.07013104110956192,
        "flatness_std": 0.025925178080797195,
        "flatness_skewness": 1.2706652879714966,
        "flux_mean": 1821.562744140625,
        "flux_std": 1873.4693603515625,
        "flux_skewness": 3.635115385055542
    },
    "markov_chains": [
        [
            23,
            63,
            50,
            53,
            7,
            13,
            48,
            65,
            2,
            43,
            11,
            37,
            54,
            38,
            6,
            15,
            32,
            19,
            41,
            35,
            10
        ],
        [
            66,
            19,
            35,
            46,
            30,
            52,
            7,
            71,
            56,
            21,
            3,
            25,
            34,
            44,
            12,
            51,
            13,
            6,
            54,
            11,
            15
        ],
        [
            67,
            44,
            61,
            70,
            22,
            15,
            46,
            65,
            11,
            13,
            3,
            41,
            49,
            1,
            10,
            36,
            52,
            66,
            1,
            2,
            49
        ],
        [
            28,
            26,
            52,
            23,
            7,
            10,
            3,
            55,
            59,
            39,
            9,
            3,
            41,
            7,
            5,
            21,
            71,
            5,
            33,
            35,
            18
        ],
        [
            61,
            0,
            8,
            48,
            65,
            59,
            21,
            20,
            45,
            1,
            1,
            14,
            54,
            57,
            35,
            57,
            34,
            42,
            8,
            14,
            52
        ],
        [
            47,
            68,
            57,
            5,
            36,
            9,
            33,
            21,
            68,
            13,
            62,
            6,
            7,
            17,
            23,
            39,
            31,
            1,
            58,
            22,
            54
        ],
        [
            47,
            19,
            48,
            61,
            55,
            53,
            30,
            39,
            49,
            66,
            41,
            31,
            20,
            14,
            28,
            42,
            38,
            4,
            22,
            35,
            55
        ],
        [
            66,
            5,
            31,
            71,
            3,
            31,
            31,
            35,
            43,
            40,
            32,
            3,
            36,
            32,
            63,
            66,
            53,
            24,
            25,
            69,
            38
        ],
        [
            38,
            57,
            53,
            65,
            20,
            1,
            51,
            47,
            19,
            40,
            23,
            49,
            9,
            12,
            40,
            38,
            39,
            45,
            22,
            36,
            28
        ],
        [
            70,
            44,
            27,
            22,
            44,
            21,
            69,
            6,
            12,
            43,
            8,
            33,
            16,
            2,
            10,
            42,
            48,
            23,
            42,
            36,
            38
        ],
        [
            13,
            38,
            7,
            18,
            9,
            57,
            54,
            65,
            25,
            60,
            20,
            33,
            7,
            15,
            45,
            71,
            30,
            5,
            24,
            43,
            22
        ],
        [
            39,
            3,
            44,
            55,
            63,
            51,
            46,
            41,
            19,
            47,
            27,
            42,
            21,
            11,
            43,
            58,
            62,
            29,
            13,
            22,
            41
        ],
        [
            47,
            11,
            51,
            71,
            5,
            11,
            41,
            23,
            50,
            15,
            71,
            23,
            44,
            11,
            36,
            36,
            58,
            59,
            20,
            27,
            32
        ],
        [
            29,
            47,
            32,
            27,
            20,
            36,
            31,
            21,
            41,
            10,
            64,
            37,
            52,
            46,
            40,
            38,
            25,
            49,
            22,
            41,
            35
        ],
        [
            8,
            16,
            35,
            14,
            65,
            39,
            10,
            33,
            61,
            54,
            57,
            63,
            29,
            3,
            23,
            58,
            64,
            26,
            49,
            29,
            54
        ],
        [
            44,
            39,
            43,
            9,
            33,
            16,
            14,
            24,
            55,
            36,
            23,
            6,
            5,
            39,
            11,
            6,
            38,
            16,
            35,
            71,
            44
        ]
    ]
}