{
    "trial_id": "config_133_rep_1",
    "synthesis_params": {
        "densities": [
            10,
            10,
            10
        ],
        "grain_size": 4800,
        "grain_sizes": [
            48,
            48,
            48
        ],
        "config_seed": 9417,
        "seed_grain_sampling": 43301,
        "seed_state_sampling": 43887,
        "seed_grain_pos_sampling": 85858,
        "n_streams": 4,
        "window": "hanning",
        "n_clusters": 5,
        "n_iterations": 20,
        "delta_t_samples": 48000,
        "init_states": [
            1,
            27,
            38,
            21
        ],
        "n_states": 45
    },
    "metrics": {
        "centroid_mean": 1371.3162841796875,
        "centroid_std": 953.357666015625,
        "centroid_skewness": 1.3997248411178589,
        "flatness_mean": 0.06553633511066437,
        "flatness_std": 0.06504606455564499,
        "flatness_skewness": 3.4113681316375732,
        "flux_mean": 557.3140869140625,
        "flux_std": 1402.05517578125,
        "flux_skewness": 5.431645393371582
    },
    "markov_chains": [
        [
            1,
            15,
            17,
            4,
            28,
            12,
            30,
            8,
            40,
            10,
            42,
            14,
            17,
            18,
            20,
            27,
            40,
            21,
            37,
            33,
            29
        ],
        [
            27,
            31,
            36,
            24,
            24,
            23,
            0,
            19,
            24,
            6,
            14,
            34,
            11,
            17,
            5,
            35,
            32,
            34,
            17,
            6,
            8
        ],
        [
            38,
            43,
            7,
            8,
            43,
            43,
            19,
            42,
            21,
            7,
            29,
            30,
            21,
            2,
            22,
            19,
            14,
            4,
            2,
            37,
            25
        ],
        [
            21,
            19,
            44,
            25,
            8,
            22,
            9,
            39,
            23,
            14,
            41,
            30,
            12,
            40,
            23,
            8,
            12,
            35,
            35,
            17,
            1
        ]
    ]
}